Negative Score,Neutral Score,News Org,Positive Score,Sentiment Score,Tweet,Tweet Date,Tweet Number
0.0,1.0,@BBCNews,0.0,0.0,Burning Man founder Larry Harvey dies aged 70 https://t.co/Jv2WKYDOdq,Sat Apr 28 22:23:35 +0000 2018,1
0.0,1.0,@BBCNews,0.0,0.0,The Papers: 'Farewell' Alfie Evans and Tory 'sex probe' https://t.co/rA7bdi0hYj,Sat Apr 28 22:05:08 +0000 2018,2
0.0,1.0,@BBCNews,0.0,0.0,Swansea City 0-1 Chelsea https://t.co/NOQjP3nO8e,Sat Apr 28 21:33:24 +0000 2018,3
0.391,0.533,@BBCNews,0.077,-0.743,Pamplona rape case: Protests over sentence go in to third day https://t.co/45nqgq1bpb,Sat Apr 28 21:19:32 +0000 2018,4
0.0,0.709,@BBCNews,0.291,0.6249,Great Britain return to elite level after victory over Hungary https://t.co/a7aPsdw0Ag,Sat Apr 28 20:30:24 +0000 2018,5
0.0,1.0,@BBCNews,0.0,0.0,Saudi Arabia 'sorry' for promotional footage of women wrestlers https://t.co/XDP9OTtvnK,Sat Apr 28 19:36:47 +0000 2018,6
0.0,0.682,@BBCNews,0.318,0.4215,Newcastle United 0-1 West Bromwich Albion https://t.co/tBqfqKDh14,Sat Apr 28 16:58:05 +0000 2018,7
0.0,0.734,@BBCNews,0.266,0.4404,Alfie Evans: Supporters release balloons to remember toddler https://t.co/9lY4dTFEBA,Sat Apr 28 16:41:37 +0000 2018,8
0.0,1.0,@BBCNews,0.0,0.0,Southampton 2-1 Bournemouth https://t.co/yYHnQyOScg,Sat Apr 28 16:09:45 +0000 2018,9
0.0,0.763,@BBCNews,0.237,0.4215,Rescued bald eagle released into the wild in Canada https://t.co/mx3KisB9fx,Sat Apr 28 15:52:23 +0000 2018,10
0.086,0.724,@BBCNews,0.191,0.3818,Ronnie O'Sullivan &amp; Ali Carter appear to collide at Snooker World Championship https://t.co/VQRzkRIrmM,Sat Apr 28 15:30:15 +0000 2018,11
0.0,1.0,@BBCNews,0.0,0.0,"RT @bbcrugbyunion: London Irish have been relegated from the Premiership.

https://t.co/hjqg2DgTDq https://t.co/7uXIjV4zfI",Sat Apr 28 15:13:16 +0000 2018,12
0.21,0.455,@BBCNews,0.335,0.296,Healthy Tasmanian devils discovered by scientists looking to save species https://t.co/1cUIRAY3m4,Sat Apr 28 15:00:01 +0000 2018,13
0.0,0.856,@BBCNews,0.144,0.5707,RT @BBCSteveR: Coming soon: I'm back at the piano with your #Eurovision requests! Tell me your favourite Eurovision winning song &amp; I'll pla…,Sat Apr 28 14:58:37 +0000 2018,14
0.213,0.662,@BBCNews,0.125,-0.296,Sumo wrestling: The growing sexism scandal in Japan's traditional sport https://t.co/r7skZotrMt,Sat Apr 28 14:57:18 +0000 2018,15
0.0,1.0,@BBCNews,0.0,0.0,"Sebastian Vettel on pole on Azerbaijan, Lewis Hamilton second https://t.co/6lKdor4ZIQ",Sat Apr 28 14:20:31 +0000 2018,16
0.0,1.0,@BBCNews,0.0,0.0,Liverpool 0-0 Stoke City https://t.co/UtEdaT8jE5,Sat Apr 28 13:58:33 +0000 2018,17
0.0,0.792,@BBCNews,0.208,0.2732,16-year-old creates art from used lottery scratch cards https://t.co/8lc9cdgJES,Sat Apr 28 13:36:22 +0000 2018,18
0.3,0.7,@BBCNews,0.0,-0.4588,Hemel Hempstead autopilot seat switch driver banned https://t.co/AiikfY2Ymb,Sat Apr 28 13:24:44 +0000 2018,19
0.0,1.0,@BBCNews,0.0,0.0,Sainsbury's and Asda in merger talks https://t.co/jn0DK03DnG,Sat Apr 28 12:51:45 +0000 2018,20
0.0,0.942,@BBCNews,0.058,0.0258,RT @BBCBreaking: British supermarket chains Sainsbury's and Asda in merger talks - although both brands expected to be retained https://t.c…,Sat Apr 28 12:50:54 +0000 2018,21
0.0,0.75,@BBCNews,0.25,0.4588,World Snooker Championship 2018: Barry Hawkins beats Lyu Haotian to reach last eight https://t.co/jqEol3VNnn,Sat Apr 28 12:20:54 +0000 2018,22
0.141,0.519,@BBCNews,0.34,0.5346,Korea summit: When war ends but peace is out of reach https://t.co/5aJp31fwsV,Sat Apr 28 12:04:21 +0000 2018,23
0.293,0.526,@BBCNews,0.18,-0.3612,Play as a refugee in Syrian war video game https://t.co/kuauYA34fS,Sat Apr 28 11:58:57 +0000 2018,24
0.362,0.638,@BBCNews,0.0,-0.5267,Police officer 'sexually assaulted' by man https://t.co/KWnknFzcpt,Sat Apr 28 11:40:11 +0000 2018,25
0.146,0.854,@BBCNews,0.0,-0.0516,Will laundrette exhibition leave you in a spin? https://t.co/00zTMQhHgp,Sat Apr 28 11:31:38 +0000 2018,26
0.0,1.0,@BBCNews,0.0,0.0,Trump-Macron-Merkel body language analysed https://t.co/J0CbavU93d,Sat Apr 28 11:20:33 +0000 2018,27
0.0,1.0,@BBCNews,0.0,0.0,Kanye West defends pro-Trump politics in new song https://t.co/9zARYkuQJz,Sat Apr 28 11:15:29 +0000 2018,28
0.0,0.816,@BBCNews,0.184,0.2023,Azerbaijan GP: Sebastian Vettel top in final practice https://t.co/8rsWsFGUOV,Sat Apr 28 11:12:28 +0000 2018,29
0.415,0.44,@BBCNews,0.145,-0.6486,Myanmar violence: Thousands flee fresh fighting in Kachin state https://t.co/wDMO1E5xl8,Sat Apr 28 10:55:54 +0000 2018,30
0.18,0.82,@BBCNews,0.0,-0.296,Missing London rapper Kenny Mukendi 'threw himself into Brazil sea' https://t.co/Q76NtDuQsc,Sat Apr 28 10:19:55 +0000 2018,31
0.0,1.0,@BBCNews,0.0,0.0,Why did Sinn Fein leader use the 'L-word'? https://t.co/ccah0LZHlD,Sat Apr 28 10:09:32 +0000 2018,32
0.0,1.0,@BBCNews,0.0,0.0,Bangladesh's disappearing ear cleaners https://t.co/oJtQ5lWgys,Sat Apr 28 10:03:22 +0000 2018,33
0.0,1.0,@BBCNews,0.0,0.0,Why did Sinn Fein leader use the 'L-word'? https://t.co/KW5uZkoGsG,Sat Apr 28 09:59:05 +0000 2018,34
0.216,0.784,@BBCNews,0.0,-0.296,Health warnings after toxic caterpillar outbreak in London https://t.co/a4asceABTs,Sat Apr 28 09:17:47 +0000 2018,35
0.195,0.805,@BBCNews,0.0,-0.1779,Amber Rudd 'made a mistake but didn't mislead' https://t.co/xMFQF58sIk,Sat Apr 28 09:08:42 +0000 2018,36
0.0,1.0,@BBCNews,0.0,0.0,"ICYMI: Babies, bots and blackouts https://t.co/L852UTRR9C",Sat Apr 28 08:58:10 +0000 2018,37
0.237,0.763,@BBCNews,0.0,-0.4767,Étienne Terrus museum in Elne uncovers fake art in collection https://t.co/YKdnZStFLC,Sat Apr 28 08:52:24 +0000 2018,38
0.0,0.854,@BBCNews,0.146,0.5574,RT @bbcnickrobinson: Rudd defended by @michaelgove on @BBCr4today for being gracious in her apologies for not knowing what’s going on in he…,Sat Apr 28 07:44:27 +0000 2018,39
0.091,0.909,@BBCNews,0.0,-0.1779,RT @bbcnickrobinson: “No-one in the Windrush generation will take the government seriously until Amber Rudd resigns” @HackneyAbbott tells…,Sat Apr 28 07:44:21 +0000 2018,40
0.097,0.903,@BBCNews,0.0,-0.3089,"RT @MishalHusainBBC: Diane Abbott: this is not party politics, this is about my parents' generation and I would speak up for them whatever…",Sat Apr 28 07:44:09 +0000 2018,41
0.143,0.757,@BBCNews,0.1,-0.2732,RT @MishalHusainBBC: Gove keen to emphasise difference between Windrush cases and targets on removal of illegal immigrants and to portray q…,Sat Apr 28 07:44:04 +0000 2018,42
0.148,0.852,@BBCNews,0.0,-0.5106,RT @MishalHusainBBC: Michael Gove: regrettable when documents are not placed before a Home Secretary or into a minister's red box. This doc…,Sat Apr 28 07:43:58 +0000 2018,43
0.286,0.549,@BBCNews,0.165,-0.2732,Legal battle toddler Alfie Evans dies https://t.co/GyKmJ5uPJb,Sat Apr 28 06:08:56 +0000 2018,44
0.21,0.637,@BBCNews,0.153,-0.2263,Diego Maradona leaves Al Fujairah after failing to secure automatic promotion https://t.co/xbhWvSRhzU,Sat Apr 28 05:49:20 +0000 2018,45
0.0,0.72,@BBCNews,0.28,0.5423,Koreas summit: Will historic talks lead to lasting peace? https://t.co/lYcX9w5pZk,Sat Apr 28 05:07:11 +0000 2018,46
0.0,0.86,@BBCNews,0.14,0.0772,Koreas summit: North Korean media hail 'historic' meeting https://t.co/S471fJkFaj,Sat Apr 28 04:40:22 +0000 2018,47
0.248,0.752,@BBCNews,0.0,-0.5106,Nearly 100 US people sick in lettuce-linked E. coli outbreak https://t.co/TnTbKE0EAJ,Sat Apr 28 04:18:10 +0000 2018,48
0.0,1.0,@BBCNews,0.0,0.0,"Voter ID plans 'deeply flawed', says Electoral Reform Society https://t.co/Cof81HO0Pi",Sat Apr 28 02:44:11 +0000 2018,49
0.0,0.841,@BBCNews,0.159,0.1779,Follow these two into the world of competitive debating https://t.co/AbqMxNwAWJ,Sat Apr 28 01:30:48 +0000 2018,50
0.0,1.0,@BBCNews,0.0,0.0,Week in pictures: 21-27 April 2018 https://t.co/rkMrKaTGfg,Sat Apr 28 01:01:46 +0000 2018,51
0.0,0.672,@BBCNews,0.328,0.5267,Challenging parole could get easier for members of the public https://t.co/kL2RnqNgS3,Sat Apr 28 00:49:23 +0000 2018,52
0.419,0.581,@BBCNews,0.0,-0.7579,Golden State Killer suspect: Joseph James DeAngelo appears in court https://t.co/xb17iAkvz2,Sat Apr 28 00:44:11 +0000 2018,53
0.0,1.0,@BBCNews,0.0,0.0,Michael Cohen: Stormy Daniels case against Trump's lawyer put on hold https://t.co/GIaKkXqpao,Sat Apr 28 00:20:55 +0000 2018,54
0.285,0.715,@BBCNews,0.0,-0.6113,TSB: How it all went so wrong for the bank https://t.co/HyKoaUTiZG,Sat Apr 28 00:12:12 +0000 2018,55
0.0,1.0,@BBCNews,0.0,0.0,The Papers: Rudd 'on the brink' and Korean 'history' https://t.co/cycRgLdZ8C,Fri Apr 27 23:42:05 +0000 2018,56
0.0,1.0,@BBCNews,0.0,0.0,BBC Women's Footballer of the Year 2018: The nominees https://t.co/IRpykxpoG9,Fri Apr 27 23:07:26 +0000 2018,57
0.205,0.795,@BBCNews,0.0,-0.5574,Dan Evans set to return at end of drugs ban for taking 'life-ruiner' cocaine https://t.co/zrWWCUKAfV,Fri Apr 27 21:40:13 +0000 2018,58
0.0,1.0,@BBCNews,0.0,0.0,Premiership: Leicester Tigers 23-25 Newcastle Falcons https://t.co/Aq4GJ62MVY,Fri Apr 27 21:11:15 +0000 2018,59
0.0,0.803,@BBCNews,0.197,0.4019,Andres Iniesta: Barcelona legend 'more than just a player' to his admirers https://t.co/jRryz6gNOT,Fri Apr 27 20:59:42 +0000 2018,60
0.0,1.0,@BBCNews,0.0,0.0,Aberdeen 2-0 Heart of Midlothian https://t.co/gMnq49MURT,Fri Apr 27 20:56:36 +0000 2018,61
0.0,0.678,@BBCNews,0.322,0.5859,Katie Walsh: Jockey announces retirement after Punchestown win https://t.co/ydo4VoQZHj,Fri Apr 27 19:49:53 +0000 2018,62
0.0,0.769,@BBCNews,0.231,0.2732,How previous presidents were greeted in UK https://t.co/QI0e2YpJnV,Fri Apr 27 18:32:44 +0000 2018,63
0.0,1.0,@BBCNews,0.0,0.0,Peru child sacrifice discovery may be largest in history https://t.co/XljkQp3JkA,Fri Apr 27 18:29:42 +0000 2018,64
0.302,0.698,@BBCNews,0.0,-0.5994,Daughter left mum to die covered in own faeces https://t.co/Mk2OOlmzn3,Fri Apr 27 18:23:42 +0000 2018,65
0.0,1.0,@BBCNews,0.0,0.0,Aston mosque hit-and-run injures two https://t.co/jTkMDEcAzn,Fri Apr 27 17:27:38 +0000 2018,66
0.0,0.789,@BBCNews,0.211,0.4939,Simon Thomas leaves Sky Sports job to focus on caring for son https://t.co/R1QBRKoDps,Fri Apr 27 17:10:20 +0000 2018,67
0.0,1.0,@BBCNews,0.0,0.0,World Cup 2018: Why England must take Joe Hart to Russia https://t.co/T3rUQDvTuB,Fri Apr 27 17:04:39 +0000 2018,68
0.0,1.0,@BBCNews,0.0,0.0,How many ABBA references can you squeeze into a minute? https://t.co/Um4r5NVaNH,Fri Apr 27 16:58:57 +0000 2018,69
0.293,0.707,@BBCNews,0.0,-0.4404,Sentinel tracks ships' dirty emissions from orbit https://t.co/t29bqWz5pj,Fri Apr 27 16:52:45 +0000 2018,70
0.0,0.816,@BBCNews,0.184,0.2023,Daily Express paper apologises for Liverpool FC 'slur' https://t.co/XcmskOk2Dn,Fri Apr 27 16:20:35 +0000 2018,71
0.0,0.748,@BBCNews,0.252,0.4019,'I used YouTube to help deliver my baby' https://t.co/JiwCidiePR,Fri Apr 27 15:27:37 +0000 2018,72
0.0,1.0,@BBCNews,0.0,0.0,Harry Kane: Mauricio Pochettino says FA Cup tweet 'embarrassing' https://t.co/mlVTNHXAU8,Fri Apr 27 15:20:52 +0000 2018,73
0.223,0.777,@BBCNews,0.0,-0.3182,Leaked memo 'suggests Rudd was told of targets' https://t.co/HEnf4llFmf,Fri Apr 27 15:10:55 +0000 2018,74
0.314,0.686,@BBCNews,0.0,-0.4939,Man jailed for Coventry boys' hit-and-run deaths https://t.co/SGgj5bCKjz,Fri Apr 27 15:07:33 +0000 2018,75
0.293,0.488,@BBCNews,0.22,-0.2263,EU member states support near-total neonicotinoids ban https://t.co/HyktjIma11,Fri Apr 27 14:46:15 +0000 2018,76
0.228,0.594,@BBCNews,0.178,-0.128,Ricciardo top as Ferrari &amp; Mercedes struggle https://t.co/GK7qjDBTpR,Fri Apr 27 14:40:35 +0000 2018,77
0.423,0.577,@BBCNews,0.0,-0.765,DJ guilty of contempt of court after NHS compensation bid https://t.co/owFq4Y81a6,Fri Apr 27 14:37:32 +0000 2018,78
0.0,0.776,@BBCNews,0.224,0.3818,Watch Riley McGree score stunning scorpion goal in Australia https://t.co/4CYIVDEsYy,Fri Apr 27 14:28:14 +0000 2018,79
0.0,1.0,@BBCNews,0.0,0.0,Perth pensioner offers housebreaker a lift https://t.co/pLBg8yvg54,Fri Apr 27 14:16:18 +0000 2018,80
0.281,0.719,@BBCNews,0.0,-0.5994,Scots teenager falls to her death from Majorca apartment balcony https://t.co/40aSYeUBGv,Fri Apr 27 13:38:49 +0000 2018,81
0.391,0.609,@BBCNews,0.0,-0.6705,China stabbings: Seven students killed in Shaanxi https://t.co/3WcbXxxioA,Fri Apr 27 13:26:58 +0000 2018,82
0.224,0.776,@BBCNews,0.0,-0.3818,200-year-old Battle of Trafalgar ship's biscuit to be auctioned https://t.co/d6hoUQ5p22,Fri Apr 27 12:44:24 +0000 2018,83
0.0,0.805,@BBCNews,0.195,0.4404,World Snooker Championship 2018: Ali Carter leads Ronnie O'Sullivan in second round https://t.co/dJTTPHMftH,Fri Apr 27 12:38:39 +0000 2018,84
0.402,0.598,@BBCNews,0.0,-0.6908,Viewpoint: Spain rape case highlights enduring machismo https://t.co/i70GBZCNg9,Fri Apr 27 12:32:55 +0000 2018,85
0.0,0.714,@BBCNews,0.286,0.34,How police line-ups jail the innocent https://t.co/ZFD7QApzka,Fri Apr 27 12:24:13 +0000 2018,86
0.338,0.662,@BBCNews,0.0,-0.6249,Labour activist expelled after verbal attack on MP at anti-Semitism event https://t.co/7Ob05lABNa,Fri Apr 27 12:10:10 +0000 2018,87
0.118,0.882,@BBCNews,0.0,-0.0516,Andres Iniesta to leave Barcelona at end of season https://t.co/G761NHGf3c,Fri Apr 27 12:04:36 +0000 2018,88
0.0,1.0,@BBCNews,0.0,0.0,ABBA announce first new music since 1982 https://t.co/H1YYzYZ6vR,Fri Apr 27 11:51:15 +0000 2018,89
0.0,1.0,@BBCNews,0.0,0.0,US singer speaks about concert miscarriage https://t.co/dkwGm1SqRm,Fri Apr 27 11:45:33 +0000 2018,90
0.0,0.88,@BBCNews,0.12,0.128,Testosterone rules: I have offered Caster Semenya my legal team - Dutee Chand https://t.co/OEPnBWdd7k,Fri Apr 27 11:06:08 +0000 2018,91
0.0,1.0,@BBCNews,0.0,0.0,Azerbaijan GP: Max Verstappen crashes as Valtteri Bottas fastest https://t.co/ADwnlmGzcN,Fri Apr 27 10:42:43 +0000 2018,92
0.328,0.672,@BBCNews,0.0,-0.5994,"MasterChef marathon death: Matt Campbell appeal passes £200,000 https://t.co/lFBahgsGJI",Fri Apr 27 10:25:57 +0000 2018,93
0.0,1.0,@BBCNews,0.0,0.0,How to handle the flood of GDPR privacy updates https://t.co/CtfH3u996F,Fri Apr 27 10:23:05 +0000 2018,94
0.0,1.0,@BBCNews,0.0,0.0,Royal baby named Prince Louis https://t.co/tL40hIU4GZ,Fri Apr 27 10:06:35 +0000 2018,95
0.0,1.0,@BBCNews,0.0,0.0,Coroner ordered to change 'cab-rank' burial release policy https://t.co/GvpxKShjIC,Fri Apr 27 09:54:37 +0000 2018,96
0.0,0.792,@BBCNews,0.208,0.2732,Five times Kanye West took us by surprise https://t.co/AfuAXbQtHY,Fri Apr 27 09:51:35 +0000 2018,97
0.0,1.0,@BBCNews,0.0,0.0,Steven Gerrard frontrunner for Rangers manager's job https://t.co/Xw3RNBA1qJ,Fri Apr 27 09:46:04 +0000 2018,98
0.301,0.699,@BBCNews,0.0,-0.6486,Theft probe GP found dead with girlfriend in Cape Verde https://t.co/ig6VQTojY8,Fri Apr 27 09:26:15 +0000 2018,99
0.0,1.0,@BBCNews,0.0,0.0,Koreas make nuclear pledge after summit https://t.co/63FPpzf0wz,Fri Apr 27 09:23:32 +0000 2018,100
0.17,0.83,@CBSNews,0.0,-0.6249,"With not enough sex and not enough babies, Japan’s in the midst of a population crisis. Could robots be the answer?… https://t.co/nZ4qaXH9ak",Sat Apr 28 22:20:23 +0000 2018,1
0.0,1.0,@CBSNews,0.0,0.0,"While hundreds of journalists, lobbyists and White House staffers attend the #WHCD in Washington, D.C., President T… https://t.co/NmPC125h4V",Sat Apr 28 22:10:01 +0000 2018,2
0.212,0.788,@CBSNews,0.0,-0.6486,"Investigators hunting down the so-called ""Golden State Killer"" used information from genetic websites last year tha… https://t.co/9ycox810Gy",Sat Apr 28 22:00:02 +0000 2018,3
0.0,1.0,@CBSNews,0.0,0.0,"She was a mom, a wife to Patton Oswalt and a citizen sleuth. 

She was hunting a serial killer.… https://t.co/Hy3zVgUww3",Sat Apr 28 21:40:17 +0000 2018,4
0.146,0.854,@CBSNews,0.0,-0.2235,U.S. won't restore grizzly bear protections near Yellowstone National Park https://t.co/IiLMYFG4PI https://t.co/bKiwnAFKVs,Sat Apr 28 21:20:01 +0000 2018,5
0.264,0.613,@CBSNews,0.123,-0.5719,"Hundreds gathered Saturday in a Liverpool park to honor Alfie Evans, the sick British toddler who died after a long… https://t.co/bGdsLaGUW3",Sat Apr 28 21:00:29 +0000 2018,6
0.098,0.902,@CBSNews,0.0,-0.0516,"Social media addiction: Teens leave rehab with a sense of ""power"" https://t.co/LaUYpbkuAA https://t.co/qyz2vlJOFy",Sat Apr 28 20:40:01 +0000 2018,7
0.0,1.0,@CBSNews,0.0,0.0,"In West Virginia, an ex-convict candidate released from jail less than a year ago is compounding the GOP's problems… https://t.co/RPmbMuUgF1",Sat Apr 28 20:20:01 +0000 2018,8
0.258,0.742,@CBSNews,0.0,-0.765,WATCH LIVE: Police give an update after a Maine manhunt comes to an end after a man accused of killing a police off… https://t.co/FWrlwhQ9rq,Sat Apr 28 20:06:10 +0000 2018,9
0.0,1.0,@CBSNews,0.0,0.0,"A Massachusetts school district paid a $10,000 bitcoin ransom to hackers following a cyberattack on its system:… https://t.co/6kgEkFbkUY",Sat Apr 28 20:00:02 +0000 2018,10
0.0,0.824,@CBSNews,0.176,0.4939,"Shaquem Griffin,the UCF linebacker with one hand, has been drafted by the Seattle Seahawks https://t.co/mF9qAngwfU https://t.co/VJ0J7z4QBi",Sat Apr 28 19:20:03 +0000 2018,11
0.109,0.891,@CBSNews,0.0,-0.296,"The Philippines is latest foreign customer to book President Trump's D.C. hotel, riling critics who say such bookin… https://t.co/uR1MAPQx1f",Sat Apr 28 19:00:02 +0000 2018,12
0.0,0.745,@CBSNews,0.255,0.4767,"Defense Secretary James Mattis reaffirms ""ironclad U.S. commitment"" to defending South Korea https://t.co/gQaxN1Fvhd https://t.co/ZANsRw1VhO",Sat Apr 28 18:40:02 +0000 2018,13
0.0,1.0,@CBSNews,0.0,0.0,"WATCH: A whale was spotted swimming near the surface in the waters off Alameda, California, on Friday. According to… https://t.co/Z1igHSVnmN",Sat Apr 28 18:21:25 +0000 2018,14
0.0,0.852,@CBSNews,0.148,0.3818,"Comedian @michelleisawolf says it's ""cowardly"" for President Trump to skip tonight's White House Correspondents' di… https://t.co/71iFO2i2J7",Sat Apr 28 18:00:02 +0000 2018,15
0.09,0.674,@CBSNews,0.236,0.5994,"MSNBC's Joy Reid, under fire for homophobic language in old blog posts, apologizes and says she hasn't been able to… https://t.co/cJ10dk42Nq",Sat Apr 28 17:40:01 +0000 2018,16
0.355,0.645,@CBSNews,0.0,-0.765,"John Williams, accused of killing police officer in Maine, has been captured https://t.co/xmvipuCNY0 https://t.co/VJBD4rG8DU",Sat Apr 28 17:19:51 +0000 2018,17
0.0,1.0,@CBSNews,0.0,0.0,"A  student loan services company recently notified 16,500 borrowers that files containing personal data were releas… https://t.co/SDrhy2YP6H",Sat Apr 28 17:00:03 +0000 2018,18
0.113,0.887,@CBSNews,0.0,-0.3182,The Environmental Protection Agency's watchdog confirmed it is aware of -- and looking into -- accusations about EP… https://t.co/uP84J9IukT,Sat Apr 28 16:40:02 +0000 2018,19
0.0,1.0,@CBSNews,0.0,0.0,"Secretary of state Mike Pompeo arrived in Riyadh, Saudi Arabia, on Saturday -- two days after being confirmed. He's… https://t.co/8UDOJfEk8P",Sat Apr 28 16:27:41 +0000 2018,20
0.118,0.882,@CBSNews,0.0,-0.34,President Trump calls on Montana's Sen. Jon Tester to resign over his role in surfacing unproven misconduct allegat… https://t.co/CffpDi4zi5,Sat Apr 28 16:20:03 +0000 2018,21
0.099,0.901,@CBSNews,0.0,-0.296,Is a flesh body a requirement to be human? One Japanese scientist says no. And now he’s building a new breed of hum… https://t.co/KjqEiA274s,Sat Apr 28 16:00:03 +0000 2018,22
0.0,1.0,@CBSNews,0.0,0.0,"Backlash mounts after ""Yellow Fever"" restaurant opens inside Whole Foods 365
https://t.co/HfXwgucb3s https://t.co/xpqsCYlX2C",Sat Apr 28 15:40:02 +0000 2018,23
0.0,1.0,@CBSNews,0.0,0.0,There have been a record 28 April MLB postponements from rain and snow so far: https://t.co/lZhHlfnsgy https://t.co/KODnHKp2RW,Sat Apr 28 15:20:01 +0000 2018,24
0.138,0.862,@CBSNews,0.0,-0.34,A building in Azerbaijan that once was intended to be a Trump-branded hotel has caught fire https://t.co/K5DKw9pXDd https://t.co/sO0NX5xdRf,Sat Apr 28 15:00:04 +0000 2018,25
0.292,0.708,@CBSNews,0.0,-0.7906,Death toll rises to 9 in a stabbing attack outside a middle school in northwestern China allegedly carried out by a… https://t.co/6EiqZrHsG5,Sat Apr 28 14:40:01 +0000 2018,26
0.0,0.847,@CBSNews,0.153,0.4404,Rachel Maddow and Maria Shriver are among dozens of women who signed a letter supporting Tom Brokaw… https://t.co/LxAQoWRwAv,Sat Apr 28 14:20:01 +0000 2018,27
0.0,1.0,@CBSNews,0.0,0.0,Mongolia and Singapore are the final two sites under consideration for the upcoming summit between President Trump… https://t.co/HRxwIC6w0w,Sat Apr 28 14:00:03 +0000 2018,28
0.145,0.692,@CBSNews,0.164,0.0772,"President Trump says he has a responsibility to resolve the Korean conflict
https://t.co/mQU1yV0PXR https://t.co/OEaI3GzrEp",Sat Apr 28 13:40:01 +0000 2018,29
0.0,1.0,@CBSNews,0.0,0.0,"Teachers and Arizona Gov. Doug Ducey are at odds as deal announced
https://t.co/1B4Va9rOGR https://t.co/AEHKUxcg4l",Sat Apr 28 13:20:01 +0000 2018,30
0.0,0.677,@CBSNews,0.323,0.5106,Judge dismisses Paul Manafort's civil suit challenging special counsel https://t.co/skpVAfiDoB https://t.co/rZMF78mP6b,Sat Apr 28 13:03:04 +0000 2018,31
0.0,1.0,@CBSNews,0.0,0.0,ABBA announces first new material in 35 years https://t.co/ErJ9AMOXpB https://t.co/zrOwK7oCmz,Sat Apr 28 12:48:04 +0000 2018,32
0.165,0.647,@CBSNews,0.187,0.0772,Trump says he has responsibility to resolve Korean conflict https://t.co/Lw6POHEFZA https://t.co/1svWmL5gUy,Sat Apr 28 12:45:08 +0000 2018,33
0.135,0.675,@CBSNews,0.19,0.2263,"House Intelligence Committee Republicans find ""no evidence"" of Trump campaign collusion https://t.co/B5AcRIZVJz https://t.co/E2HYnztYR0",Sat Apr 28 12:33:04 +0000 2018,34
0.0,1.0,@CBSNews,0.0,0.0,Royal baby name announced: Prince Louis Arthur Charles https://t.co/EnNquEoImn https://t.co/mpXjkdnGYV,Sat Apr 28 12:18:03 +0000 2018,35
0.0,1.0,@CBSNews,0.0,0.0,Kenya bans Cannes-bound film over “lesbianism” https://t.co/WE929Mk0Vp https://t.co/bUMWwnYc6k,Sat Apr 28 12:03:04 +0000 2018,36
0.0,1.0,@CBSNews,0.0,0.0,RT @CBSThisMorning: The nationwide E. coli contamination linked to romaine lettuce has spread to three more states. Health officials report…,Sat Apr 28 11:57:30 +0000 2018,37
0.31,0.69,@CBSNews,0.0,-0.6705,Ex-radical who killed 2 NYC officers set to be paroled https://t.co/twLrpwYMfY https://t.co/I5gHw7r1HH,Sat Apr 28 11:48:04 +0000 2018,38
0.339,0.575,@CBSNews,0.086,-0.6597,"Alfie Evans, sick British toddler at center of legal battle, dies https://t.co/QGSUT8RLgQ https://t.co/qpZhvw1b3z",Sat Apr 28 11:40:06 +0000 2018,39
0.0,1.0,@CBSNews,0.0,0.0,Your insurance company knows more about you than Facebook https://t.co/yiC3e6rYsg https://t.co/0pinDHmxsq,Sat Apr 28 11:33:04 +0000 2018,40
0.0,0.82,@CBSNews,0.18,0.5093,RT @CBSThisMorning: Welcome to the weekend! We’re live in the East with @AnthonyMasonCBS and @CBSMMiller. https://t.co/qvoDK3GIDa,Sat Apr 28 11:18:52 +0000 2018,41
0.0,1.0,@CBSNews,0.0,0.0,Wynn Resorts' newest casino won't carry Wynn name https://t.co/JPTm2mqrqI https://t.co/P69SKjqBBh,Sat Apr 28 11:18:04 +0000 2018,42
0.0,1.0,@CBSNews,0.0,0.0,"""I don't think he's playing,"" Pres. Trump says of Kim Jong Un https://t.co/oPmOpSoX8q https://t.co/m1g2IVRTEs",Sat Apr 28 11:03:03 +0000 2018,43
0.0,1.0,@CBSNews,0.0,0.0,"""The Simpsons"" to become longest-running primetime scripted series on TV https://t.co/ViSDT6bUEx https://t.co/Fj9VCAbVPM",Sat Apr 28 10:48:04 +0000 2018,44
0.204,0.796,@CBSNews,0.0,-0.3182,"GOP congressman who called aide ""soulmate"" abruptly resigns https://t.co/SCaVyJ1tnx https://t.co/Xojd0GhpWP",Sat Apr 28 10:33:04 +0000 2018,45
0.0,1.0,@CBSNews,0.0,0.0,"""A new kind of human"": Robots step into everyday life in Japan https://t.co/CDbLYd31NJ https://t.co/Zn5lcQTGN9",Sat Apr 28 10:18:05 +0000 2018,46
0.0,1.0,@CBSNews,0.0,0.0,E. coli outbreak tied to romaine lettuce is largest since 2006 https://t.co/Y6SZg3jzxG https://t.co/JzFhYhk3If,Sat Apr 28 10:03:04 +0000 2018,47
0.0,1.0,@CBSNews,0.0,0.0,"Judge orders Bill Cosby to remain in Philadelphia home, be fitted with GPS monitor https://t.co/sq5MVvyUiA https://t.co/TVGECCdTsD",Sat Apr 28 09:48:04 +0000 2018,48
0.0,1.0,@CBSNews,0.0,0.0,"In Montana, it's Trump vs. Tester https://t.co/aSiE6QUkii https://t.co/LloG5LBegK",Sat Apr 28 09:33:04 +0000 2018,49
0.156,0.844,@CBSNews,0.0,-0.34,"Palestinians try to rip through Gaza border fence, drawing heavy Israeli fire https://t.co/F8dyKtliUV https://t.co/4bFZRASIFn",Sat Apr 28 09:18:04 +0000 2018,50
0.0,0.642,@CBSNews,0.358,0.4404,"""Truth prevails"": Andrea Constand hails Cosby verdict https://t.co/OSim8ziIWm https://t.co/qKNfnRHho9",Sat Apr 28 09:03:03 +0000 2018,51
0.166,0.678,@CBSNews,0.156,-0.0387,"""Avengers: Infinity War"" receives mostly positive, but also tepid reviews https://t.co/wUdPrRMD7l https://t.co/xUh25DawJX",Sat Apr 28 08:48:03 +0000 2018,52
0.0,0.677,@CBSNews,0.323,0.5106,Judge dismisses Paul Manafort's civil suit challenging special counsel https://t.co/skpVAfiDoB https://t.co/GNH3qAhNPT,Sat Apr 28 08:33:04 +0000 2018,53
0.0,1.0,@CBSNews,0.0,0.0,ABBA announces first new material in 35 years https://t.co/ErJ9AMOXpB https://t.co/SfJlJ5iI7n,Sat Apr 28 08:18:04 +0000 2018,54
0.0,1.0,@CBSNews,0.0,0.0,The surging ranks of super-commuters https://t.co/v2Ri9zAR9I https://t.co/Yi0lMYXCv9,Sat Apr 28 08:03:04 +0000 2018,55
0.0,1.0,@CBSNews,0.0,0.0,Retirees can be too frugal with their spending https://t.co/d8QBVYXyf9 https://t.co/WUrdIdLCgF,Sat Apr 28 07:48:04 +0000 2018,56
0.241,0.759,@CBSNews,0.0,-0.5423,Tom Brokaw withdraws as commencement speaker after sexual harassment allegations https://t.co/LQGjhOLCmT https://t.co/cANZFyr9Rp,Sat Apr 28 07:33:06 +0000 2018,57
0.0,1.0,@CBSNews,0.0,0.0,Russian lawyer who met with Donald Trump Jr. says she is an informant https://t.co/yOEhXCvETh https://t.co/xVLp9K258d,Sat Apr 28 07:18:04 +0000 2018,58
0.209,0.672,@CBSNews,0.119,-0.296,"Gloria Allred was ""shocked"" by Bill Cosby guilty verdict https://t.co/nH5SsrD0kt https://t.co/5ObYNpsyjW",Sat Apr 28 07:03:03 +0000 2018,59
0.179,0.821,@CBSNews,0.0,-0.34,Recovered FBI agent texts include reaction to James Comey's firing https://t.co/OOiBbqTyHM https://t.co/3CAw27Z2oo,Sat Apr 28 06:48:04 +0000 2018,60
0.0,0.847,@CBSNews,0.153,0.4019,Kentucky man's video goes viral after he uses Walmart intercom to ask for help https://t.co/5kDqP22yZ4 https://t.co/AHpbT6pCeU,Sat Apr 28 06:33:04 +0000 2018,61
0.172,0.828,@CBSNews,0.0,-0.3612,"Women's severed heads found in Texas, Louisiana – are the discoveries linked? https://t.co/ElJMG6Tnc4 https://t.co/L1ZekB8Nru",Sat Apr 28 06:18:04 +0000 2018,62
0.171,0.829,@CBSNews,0.0,-0.4767,"University of Utah ""Cry Closet"" lets students ""just let it all out"" during finals https://t.co/pfubUj389u https://t.co/2fhwai8kt7",Sat Apr 28 06:03:04 +0000 2018,63
0.184,0.816,@CBSNews,0.0,-0.5574,"""She stepped into her coffin"": Family of woman who died after American Airlines flight sue https://t.co/VHPag236E4 https://t.co/CtDV4NQOme",Sat Apr 28 05:48:04 +0000 2018,64
0.126,0.558,@CBSNews,0.316,0.4767,"""My fault yo"": Chance the Rapper apologizes for defending Kanye West's embrace of Trump https://t.co/xRKCE6yiB4 https://t.co/TjLBb2XBMp",Sat Apr 28 05:33:03 +0000 2018,65
0.273,0.727,@CBSNews,0.0,-0.6705,Seven students killed in stabbing rampage at middle school in China https://t.co/COshause7Z https://t.co/5LcmW6OXZy,Sat Apr 28 05:18:04 +0000 2018,66
0.136,0.864,@CBSNews,0.0,-0.296,"Woman discovers slain cop in her yard, realizes she helped raise fugitive suspect https://t.co/XIPSvLNkbv https://t.co/fybxDIZO4V",Sat Apr 28 05:03:04 +0000 2018,67
0.0,0.637,@CBSNews,0.363,0.6908,Rallies for peace as Mexican rapper QBA admits dissolving bodies https://t.co/jtOT9AyAKo https://t.co/mvpw72IFLp,Sat Apr 28 04:48:04 +0000 2018,68
0.0,1.0,@CBSNews,0.0,0.0,"Mongolia, Singapore are final two sites under consideration for Trump-Kim Jong Un meeting https://t.co/BVTCLNSepJ https://t.co/FXCSJUg3oC",Sat Apr 28 04:46:05 +0000 2018,69
0.241,0.759,@CBSNews,0.0,-0.5423,"Amy Schumer says she was hospitalized with ""horrible kidney infection"" https://t.co/EAlnpCwynN https://t.co/pfFsYRUK9c",Sat Apr 28 04:33:03 +0000 2018,70
0.333,0.667,@CBSNews,0.0,-0.7579,"Privacy concerns after public genealogy database used to ID ""Golden State Killer"" suspect https://t.co/2zeOfYnAGp https://t.co/Bc3dw11C7E",Sat Apr 28 04:18:04 +0000 2018,71
0.0,0.756,@CBSNews,0.244,0.4404,New technology offers hope for people with tinnitus https://t.co/i5ZswEXDrQ https://t.co/azaMl2cwEZ,Sat Apr 28 04:03:03 +0000 2018,72
0.0,1.0,@CBSNews,0.0,0.0,Video shows Georgia police slamming ex-NFL player to the ground https://t.co/oDE8Veh4cd https://t.co/V1kzNwlcmL,Sat Apr 28 03:48:05 +0000 2018,73
0.286,0.714,@CBSNews,0.0,-0.5574,"Detroit police cracks down on citywide ""paintball wars"" https://t.co/GOXcMwWbsX https://t.co/6xekzHmBcQ",Sat Apr 28 03:40:06 +0000 2018,74
0.0,0.809,@CBSNews,0.191,0.3818,"Pres. Trump deserves credit for North-South Korea summit, experts say https://t.co/WUZzNViTTv https://t.co/v9WWzpkzvd",Sat Apr 28 03:33:03 +0000 2018,75
0.18,0.82,@CBSNews,0.0,-0.296,Texas couple accused of enslaving girl for 16 years https://t.co/xXAXHFp0kE https://t.co/vTKOLJbKOd,Sat Apr 28 03:18:03 +0000 2018,76
0.0,1.0,@CBSNews,0.0,0.0,Evidence of world's biggest child sacrifice discovered https://t.co/T3AYw7cM5m https://t.co/O51irPZaaH,Sat Apr 28 03:03:03 +0000 2018,77
0.0,0.857,@CBSNews,0.143,0.128,"Migrant ""caravan"" gets legal aid near U.S. border https://t.co/pUp30L3O0C https://t.co/7e38trDvlk",Sat Apr 28 03:00:21 +0000 2018,78
0.0,1.0,@CBSNews,0.0,0.0,"Temple University, where Bill Cosby long served as a leading public face and key fundraiser, said it will rescind t… https://t.co/zPkQdRRMJv",Sat Apr 28 02:40:01 +0000 2018,79
0.114,0.802,@CBSNews,0.084,-0.1779,"Sex created the problem. Will robots will get us out of it? Stream the new CBSN Originals documentary, “Replacing H… https://t.co/JK8I5Iwt2V",Sat Apr 28 02:20:40 +0000 2018,80
0.161,0.691,@CBSNews,0.147,-0.0772,"Amy Schumer is recovering after being hospitalized with a ""horrible kidney infection,"" the ""I Feel Pretty"" actress… https://t.co/vYxs42w3h8",Sat Apr 28 02:00:02 +0000 2018,81
0.0,0.762,@CBSNews,0.238,0.6124,"National security experts, and even the South Korean foreign minister, credit Pres. Trump for bringing North Korea… https://t.co/h00CSvfr2Z",Sat Apr 28 01:40:01 +0000 2018,82
0.0,1.0,@CBSNews,0.0,0.0,Your insurance company likely knows a lot more about you than Facebook https://t.co/zujq1ltmj5 https://t.co/2NOzoz6vtJ,Sat Apr 28 01:20:01 +0000 2018,83
0.122,0.769,@CBSNews,0.109,-0.0772,Can a discovery that has already restored sight in genetically blind mice do the same in humans? @60Minutes reports… https://t.co/zidn5DuD1t,Sat Apr 28 01:00:02 +0000 2018,84
0.0,1.0,@CBSNews,0.0,0.0,"Former NBC News anchor Tom Brokaw responds to sexual misconduct allegations: ""I was ambushed and then perp walked""… https://t.co/xsXvGk3pm6",Sat Apr 28 00:40:01 +0000 2018,85
0.0,0.924,@CBSNews,0.076,0.144,"In the world of minor league baseball, where most young fans want to meet a player, this 10-year-old stands alone:… https://t.co/OXZyrEevT8",Sat Apr 28 00:20:00 +0000 2018,86
0.367,0.633,@CBSNews,0.0,-0.8271,Residents of a Vermont town are angry and fearful after a teen accused of a school shooting plot is released… https://t.co/D8TUVhaeNc,Sat Apr 28 00:00:02 +0000 2018,87
0.0,1.0,@CBSNews,0.0,0.0,"When humans started disappearing, Japan started building “something better.” Stream the new CBSN Originals document… https://t.co/3PcnLijzg2",Fri Apr 27 23:40:22 +0000 2018,88
0.12,0.88,@CBSNews,0.0,-0.4588,"Father Pat Conroy says he was forced out as House chaplain by Speaker Paul Ryan -- now, members of Congress are dem… https://t.co/7ZBgDV0QRP",Fri Apr 27 23:20:01 +0000 2018,89
0.101,0.899,@CBSNews,0.0,-0.2263,"Judge delays lawsuit by adult film actress Stormy Daniels against President Trump and his personal attorney, Michae… https://t.co/s0VfvZ5jYN",Fri Apr 27 23:00:02 +0000 2018,90
0.221,0.699,@CBSNews,0.081,-0.4215,"RT @CBSEveningNews: Baseball umpires have the toughest job in the game, making tough calls and creating enemies by the inning
 
But for thi…",Fri Apr 27 23:00:02 +0000 2018,91
0.22,0.78,@CBSNews,0.0,-0.5859,"RT @CBSEveningNews: Joseph James DeAngelo, the ex-police officer suspected of being the notorious ""Golden State Killer,"" appeared in court…",Fri Apr 27 22:54:27 +0000 2018,92
0.099,0.901,@CBSNews,0.0,-0.296,RT @CBSEveningNews: A Vermont teen accused of plotting a shooting with mass casualties at his former high school was released into the cust…,Fri Apr 27 22:48:00 +0000 2018,93
0.215,0.785,@CBSNews,0.0,-0.6369,"RT @CBSEveningNews: Paul Ryan has forced out House chaplain, Rev. Patrick Conroy

Conroy's resignation letter said he was offering to step…",Fri Apr 27 22:47:31 +0000 2018,94
0.0,0.86,@CBSNews,0.14,0.4767,RT @CBSEveningNews: Republicans on the House Intelligence Committee released their report on Russian meddling in the 2016 election &amp; found…,Fri Apr 27 22:47:30 +0000 2018,95
0.141,0.758,@CBSNews,0.101,-0.2732,"RT @CBSEveningNews: A woman who worked as a war correspondent for NBC News said Tom Brokaw groped her, twice tried to forcibly kiss her
 
B…",Fri Apr 27 22:47:01 +0000 2018,96
0.17,0.83,@CBSNews,0.0,-0.6249,"RT @CBSEveningNews: The nationwide ""E coli"" outbreak from contaminated romaine lettuce is now the worst multi-state outbreak in more than a…",Fri Apr 27 22:38:31 +0000 2018,97
0.16,0.655,@CBSNews,0.186,-0.2083,"RT @CBSEveningNews: Pres. Trump hailed an agreement btwn N.&amp; S. Korean leaders in their historic summit, tweeting ""KOREAN WAR TO END!""
 
Bu…",Fri Apr 27 22:35:00 +0000 2018,98
0.0,0.888,@CBSNews,0.112,0.4404,"RT @CBSEveningNews: We’re on the air in the East. @JeffGlor is live from Studio 57 in NYC
Thanks for being with us #OriginalReporting #CBSE…",Fri Apr 27 22:31:00 +0000 2018,99
0.126,0.558,@CBSNews,0.316,0.4767,"""My fault yo"": Chance the Rapper apologizes for defending Kanye West's embrace of Pres. Trump… https://t.co/Dy5OLuqT8N",Fri Apr 27 22:20:01 +0000 2018,100
0.257,0.69,@cnnbrk,0.054,-0.743,Thousands protest in Spain after five men were cleared of gang rape of an 18-year-old woman. They were convicted of… https://t.co/kf1c5WD5WW,Sat Apr 28 19:13:26 +0000 2018,1
0.375,0.625,@cnnbrk,0.0,-0.8402,"Police in Maine arrest a man accused of killing a police officer this week, ending a four-day manhunt, a sheriff sa… https://t.co/8iK3dWC9Os",Sat Apr 28 19:05:25 +0000 2018,2
0.0,1.0,@cnnbrk,0.0,0.0,Texas will be allowed to enforce its voter ID law in the upcoming election after a federal appeals court overruled… https://t.co/X8w3P4IUcN,Sat Apr 28 05:58:22 +0000 2018,3
0.0,1.0,@cnnbrk,0.0,0.0,Skeletal remains of more than 140 children were found in Peru. It's evidence from 550 years ago of what may be the… https://t.co/1O30ZRtyhe,Sat Apr 28 03:38:25 +0000 2018,4
0.255,0.685,@cnnbrk,0.061,-0.7276,"Police officers were not charged in the death of a mentally ill man who was repeatedly tased in his shower, Milwauk… https://t.co/hvXhOC4kWw",Sat Apr 28 02:20:55 +0000 2018,5
0.095,0.905,@cnnbrk,0.0,-0.2263,"The judge in Stormy Daniels' lawsuit against President Trump and Michael Cohen has issued a stay, delaying the case… https://t.co/yVml5FG0p3",Fri Apr 27 21:46:40 +0000 2018,6
0.448,0.552,@cnnbrk,0.0,-0.9186,The suspected Golden State Killer did not enter a plea at his court appearance over the murder charges he faces… https://t.co/cykx3jep6h,Fri Apr 27 21:26:55 +0000 2018,7
0.0,0.909,@cnnbrk,0.091,0.128,Exclusive The NRA is setting aside years of documents regarding its ties to a Kremlin-linked banker… https://t.co/pHcOj6GePw,Fri Apr 27 21:15:07 +0000 2018,8
0.377,0.623,@cnnbrk,0.0,-0.8834,"At least seven students killed and 12 injured in a knife attack at a Chinese middle school, state-run news agency s… https://t.co/yE5TZHC8zV",Fri Apr 27 19:26:31 +0000 2018,9
0.193,0.807,@cnnbrk,0.0,-0.5106,GOP Rep. Patrick Meehan is resigning. He has been under fire for using taxpayer money to settle a sexual harassment… https://t.co/W0GbxvSrM8,Fri Apr 27 18:24:39 +0000 2018,10
0.106,0.648,@cnnbrk,0.245,0.25,Former Trump campaign chairman Paul Manafort loses his effort to challenge the authority of special counsel Robert… https://t.co/ppWr1OodTZ,Fri Apr 27 17:04:29 +0000 2018,11
0.234,0.766,@cnnbrk,0.0,-0.7506,Rights group says toll from unrest in Nicaragua last week is now up to 38 killed. The protests were the largest sin… https://t.co/4Lpu8QiB6k,Fri Apr 27 15:17:43 +0000 2018,12
0.0,0.876,@cnnbrk,0.124,0.4019,President Trump welcomes US Olympic and Paralympic athletes from the Winter Games to the White House. Follow live u… https://t.co/SvtWppo0GS,Fri Apr 27 14:50:04 +0000 2018,13
0.0,1.0,@cnnbrk,0.0,0.0,Newly surfaced emails indicate the Russian lawyer at the 2016 Trump Tower meeting had closer ties to the Kremlin th… https://t.co/kxofEbZHmF,Fri Apr 27 14:30:14 +0000 2018,14
0.0,1.0,@cnnbrk,0.0,0.0,"The Swedish pop group ABBA says it has recorded two new songs, their first in 35 years https://t.co/mfy3DDCVwK https://t.co/iX9SZ3Je6d",Fri Apr 27 13:08:23 +0000 2018,15
0.0,0.906,@cnnbrk,0.094,0.3818,RT @CNNMoney: The US economy grew at a rate of 2.3% in the first quarter. That's slower than the 2.9% growth rate in the fourth quarter of…,Fri Apr 27 13:06:28 +0000 2018,16
0.108,0.735,@cnnbrk,0.157,0.25,RT @CNNPolitics: Several White House medical unit staffers describe pressure to hand out medications without prescriptions https://t.co/6x7…,Fri Apr 27 11:37:46 +0000 2018,17
0.0,1.0,@cnnbrk,0.0,0.0,RT @CNNMoney: Grab beat Uber in Southeast Asia. And it's just getting started https://t.co/RAMU5m9BEo https://t.co/phkzE1BX44,Fri Apr 27 11:15:01 +0000 2018,18
0.0,1.0,@cnnbrk,0.0,0.0,RT @CNNPolitics: President Trump hails the breakthrough at the Inter-Korean summit https://t.co/gnGFYBSEuo https://t.co/rfeg0VkUtq,Fri Apr 27 11:14:52 +0000 2018,19
0.0,1.0,@cnnbrk,0.0,0.0,"Prince William and Catherine, Duchess of Cambridge, have named their third child https://t.co/Lr4WPsEpzb",Fri Apr 27 10:15:54 +0000 2018,20
0.269,0.731,@cnnbrk,0.0,-0.7906,"Formal end to Korean War will be declared later this year, 65 years after hostilities ceased, North and South Korea… https://t.co/imVDa6oJmd",Fri Apr 27 09:07:57 +0000 2018,21
0.36,0.64,@cnnbrk,0.0,-0.7351,The suspected Golden State Killer is set to appear in court Friday https://t.co/0zyUxzbADD,Fri Apr 27 06:34:42 +0000 2018,22
0.212,0.788,@cnnbrk,0.0,-0.5423,RT @CNNMoney: Former NBC News anchor Tom Brokaw faces sexual harassment allegations https://t.co/7ld95LNI0U https://t.co/C7NYNGNQiq,Fri Apr 27 03:23:10 +0000 2018,23
0.091,0.909,@cnnbrk,0.0,-0.3612,RT @CNN: JUST IN: Kim Jong Un becomes first North Korean leader to cross line dividing the two Koreas since fighting ended in the Korean Wa…,Fri Apr 27 00:48:42 +0000 2018,24
0.109,0.891,@cnnbrk,0.0,-0.296,The Cleveland Browns make University of Oklahoma quarterback Baker Mayfield the No. 1 pick in the 2018 NFL Draft… https://t.co/3FRmgz6lJE,Fri Apr 27 00:23:27 +0000 2018,25
0.09,0.776,@cnnbrk,0.135,0.2732,Union gives Broward County sheriff a vote of no confidence and will ask the Florida governor to remove him over his… https://t.co/bk6WxRmKT7,Thu Apr 26 20:45:40 +0000 2018,26
0.178,0.775,@cnnbrk,0.047,-0.5267,Bill Cosby stands up in court and swears loudly at a prosecutor who argued the TV icon is a flight risk after his g… https://t.co/zqOMaB0EUM,Thu Apr 26 19:17:09 +0000 2018,27
0.311,0.689,@cnnbrk,0.0,-0.8591,TV icon Bill Cosby is found guilty on all three counts of aggravated indecent assault. He faces up to 10 years in p… https://t.co/21hDLwXStD,Thu Apr 26 17:56:58 +0000 2018,28
0.0,0.747,@cnnbrk,0.253,0.7269,"Mike Pompeo is confirmed by the Senate as secretary of state, winning support despite questions on his foreign poli… https://t.co/Zad9IpUlmO",Thu Apr 26 17:14:36 +0000 2018,29
0.0,1.0,@cnnbrk,0.0,0.0,"President Trump will travel to the UK in July for talks with Prime Minister Theresa May, concluding months of back-… https://t.co/OHXfaKDd3k",Thu Apr 26 16:12:37 +0000 2018,30
0.0,0.6,@cnnbrk,0.4,0.7906,RT @CNNPolitics: The Senate Judiciary Committee approves a bill to protect the special counsel https://t.co/kuP9fn3d2R https://t.co/EOLDAFY…,Thu Apr 26 15:51:08 +0000 2018,31
0.24,0.76,@cnnbrk,0.0,-0.7184,The former boss of convicted USA Gymnastics doctor Larry Nassar is being accused by two women of sexual assault dur… https://t.co/95HNjBdO7D,Thu Apr 26 15:08:36 +0000 2018,32
0.0,1.0,@cnnbrk,0.0,0.0,"""Game of Thrones"" author George R.R. Martin tells fans the latest installment in the book series will not come out… https://t.co/s3F4j08GXx",Thu Apr 26 14:20:58 +0000 2018,33
0.0,1.0,@cnnbrk,0.0,0.0,"Dr. Ronny Jackson will stay White House physician for now, an official tells CNN. Jackson withdrew his nomination a… https://t.co/PFTz41v6pS",Thu Apr 26 14:08:59 +0000 2018,34
0.193,0.807,@cnnbrk,0.0,-0.5106,"Some 50,000 Arizona educators are staging the first teacher walkout in the state's history today to protest for hig… https://t.co/SlwiFHHsQs",Thu Apr 26 14:02:53 +0000 2018,35
0.0,1.0,@cnnbrk,0.0,0.0,"White House physician Dr. Ronny Jackson withdraws his nomination to serve as Secretary for Veterans Affairs, White… https://t.co/aoUORRhFyE",Thu Apr 26 12:03:44 +0000 2018,36
0.0,1.0,@cnnbrk,0.0,0.0,RT @CNNMoney: Ford is dropping all but 2 cars from its North American dealerships https://t.co/PZTJEzn8ZC https://t.co/NyMDzp5LJe,Thu Apr 26 01:15:14 +0000 2018,37
0.0,1.0,@cnnbrk,0.0,0.0,"Former FBI Director James Comey says he didn't vote in the 2016 election, but ""Hillary Clinton is more enmeshed in,… https://t.co/F4E0ghYF2z",Thu Apr 26 00:57:37 +0000 2018,38
0.068,0.932,@cnnbrk,0.0,-0.1531,"Former FBI Director James Comey: ""I hear this term 'deep state' all the time. There's no deep state, but there is a… https://t.co/Kl5jOkdFb5",Thu Apr 26 00:53:14 +0000 2018,39
0.099,0.901,@cnnbrk,0.0,-0.296,"Former FBI Director James Comey on releasing his memos: ""The bottom line is, I see no credible claim by any serious… https://t.co/QOlwrRmVxf",Thu Apr 26 00:30:08 +0000 2018,40
0.0,0.889,@cnnbrk,0.111,0.3612,"Former FBI Director James Comey on President Donald Trump: ""I don't believe he's morally fit to be President of the… https://t.co/CXE3MxAoC6",Thu Apr 26 00:15:00 +0000 2018,41
0.0,1.0,@cnnbrk,0.0,0.0,Happening now: Former FBI Director James Comey faces questions from a live audience at a town hall hosted by… https://t.co/Th3MK3t5JT,Thu Apr 26 00:00:34 +0000 2018,42
0.0,1.0,@cnnbrk,0.0,0.0,Trump's personal lawyer Michael Cohen will assert his Fifth Amendment rights against self-incrimination in the Stor… https://t.co/piNbBjtaAK,Wed Apr 25 22:57:39 +0000 2018,43
0.197,0.734,@cnnbrk,0.069,-0.4215,Exclusive: Some of the spies expelled last month from the US were tracking Russian defectors and their families… https://t.co/JV4bjQUn1o,Wed Apr 25 21:09:37 +0000 2018,44
0.124,0.876,@cnnbrk,0.0,-0.34,"Trump's pick to lead the VA wrecked a government vehicle while drunk, a Democratic document alleges. Dr. Ronny Jack… https://t.co/CO3fK7XdZL",Wed Apr 25 20:58:31 +0000 2018,45
0.235,0.765,@cnnbrk,0.0,-0.6486,"After a 40-year search, authorities identify a man they believe is the Golden State Killer https://t.co/JzYOEQ4kyM https://t.co/oashaowKnp",Wed Apr 25 19:46:19 +0000 2018,46
0.0,0.856,@cnnbrk,0.144,0.4939,Former President George H.W. Bush is out of intensive care and continues to recover after being hospitalized for an… https://t.co/FcMSpJx94A,Wed Apr 25 19:21:04 +0000 2018,47
0.328,0.672,@cnnbrk,0.0,-0.8689,A person believed to be the so-called Golden State Killer wanted in a series of homicides and rapes going back deca… https://t.co/jnH1vyWkxn,Wed Apr 25 17:08:14 +0000 2018,48
0.0,0.868,@cnnbrk,0.132,0.4404,Former President George H.W. Bush is doing much better since being hospitalized for an infection a day after his wi… https://t.co/z0Cbg0cqTu,Wed Apr 25 16:55:57 +0000 2018,49
0.25,0.605,@cnnbrk,0.145,-0.3818,"Trump administration argues travel ban is ""not a so-called 'Muslim ban'"" during Supreme Court hearing on third vers… https://t.co/RTLbJrKsaw",Wed Apr 25 16:04:51 +0000 2018,50
0.324,0.676,@cnnbrk,0.0,-0.7717,Bill Cosby's trial on three counts of aggravated indecent assault goes to the jury https://t.co/NoBijtNNG1 https://t.co/5xcvBClXC3,Wed Apr 25 15:54:27 +0000 2018,51
0.346,0.654,@cnnbrk,0.0,-0.8126,"A fourth death in Illinois is connected to synthetic cannabinoids laced with rat poison, officials say… https://t.co/AaV0o71YQe",Wed Apr 25 15:16:44 +0000 2018,52
0.0,1.0,@cnnbrk,0.0,0.0,French President Macron will address a joint session of Congress after two days of meetings with President Trump. F… https://t.co/0cqkDCOMjl,Wed Apr 25 14:30:53 +0000 2018,53
0.0,1.0,@cnnbrk,0.0,0.0,"RT @CNNMoney: Comcast offers $31 billion for Sky, setting up a showdown with Fox https://t.co/ewUtBU8Cy6 https://t.co/N5c77tbMxe",Wed Apr 25 12:02:39 +0000 2018,54
0.349,0.651,@cnnbrk,0.0,-0.8442,"Danish inventor Peter Madsen is sentenced to life in prison for the mutilation and murder of Kim Wall, a journalist… https://t.co/rpZDwFwYYt",Wed Apr 25 11:42:21 +0000 2018,55
0.317,0.635,@cnnbrk,0.048,-0.8316,Indian court sentences self-proclaimed spiritual guru Asaram Bapu to life in prison in the rape of a 16-year-old gi… https://t.co/KIlzSO3hJt,Wed Apr 25 10:26:09 +0000 2018,56
0.154,0.846,@cnnbrk,0.0,-0.4767,"A man has been arrested in a shooting that left two Dallas police officers critically wounded, police chief says.… https://t.co/di4D8h2fSZ",Wed Apr 25 04:08:55 +0000 2018,57
0.0,0.843,@cnnbrk,0.157,0.3818,Federal judge rules that the Trump administration must accept new applications for DACA https://t.co/RCjx1bVpl7 https://t.co/4Po2xuPR6L,Wed Apr 25 02:21:25 +0000 2018,58
0.0,1.0,@cnnbrk,0.0,0.0,White House physician Ronny Jackson drunkenly banged on a female employee's hotel room door during an overseas trip… https://t.co/cimjKAUIJc,Wed Apr 25 01:23:23 +0000 2018,59
0.0,1.0,@cnnbrk,0.0,0.0,"Two Dallas police officers shot and critically wounded, police department says https://t.co/MCcAn3sOe0 https://t.co/9DCDmB9wWG",Wed Apr 25 00:19:56 +0000 2018,60
0.301,0.699,@cnnbrk,0.0,-0.7845,"At least 19 people were killed after gunmen opened fire at a church in Nigeria, police say https://t.co/wFawd9XTYZ https://t.co/6s166tAYNi",Tue Apr 24 21:56:21 +0000 2018,61
0.0,0.882,@cnnbrk,0.118,0.25,Philadelphia rapper Meek Mill has been granted bail after spending nearly five months in prison… https://t.co/pfHDOHKgAw,Tue Apr 24 21:08:31 +0000 2018,62
0.14,0.86,@cnnbrk,0.0,-0.3818,RT @CNNMoney: Dow drops 425 points on earnings for its longest losing streak in a year https://t.co/BUjgjpwHYg https://t.co/W0hw223UBv,Tue Apr 24 20:13:53 +0000 2018,63
0.217,0.783,@cnnbrk,0.0,-0.5574,"Bob Dorough, the creator of 'Schoolhouse Rock,' has died. He was 94. https://t.co/7eqcUMEsDs https://t.co/WUw4ByzvmZ",Tue Apr 24 20:12:04 +0000 2018,64
0.0,1.0,@cnnbrk,0.0,0.0,"RT @CNNPolitics: ""It's totally his decision"": President Trump stands behind his VA pick Ronny Jackson https://t.co/PZooIXMaJT https://t.co/…",Tue Apr 24 18:57:47 +0000 2018,65
0.167,0.833,@cnnbrk,0.0,-0.4939,RT @CNNMoney: Dow plunges 500 points after disappointing earnings reports from multiple components. Watch live https://t.co/4mJbOFjz0K http…,Tue Apr 24 18:10:13 +0000 2018,66
0.172,0.828,@cnnbrk,0.0,-0.4019,"RT @CNNMoney: French media billionaire, Vincent Bolloré, has been detained by police
https://t.co/yQ2TA8asgR https://t.co/HcRR8VfKa5",Tue Apr 24 16:49:19 +0000 2018,67
0.0,1.0,@cnnbrk,0.0,0.0,Watch live: President Trump and French President Macron speak after meeting at the White House… https://t.co/Ydxuv8vEMX,Tue Apr 24 16:46:54 +0000 2018,68
0.391,0.456,@cnnbrk,0.153,-0.8074,"A new supreme court ruling will prevent 6,000 foreign victims of terrorist attacks from suing the US branch of a Jo… https://t.co/M56lpMS70G",Tue Apr 24 15:13:16 +0000 2018,69
0.339,0.661,@cnnbrk,0.0,-0.8271,Man accused of plowing into pedestrians with a van in Toronto is charged with 10 counts of first-degree murder and… https://t.co/tFt6uWffoK,Tue Apr 24 14:47:47 +0000 2018,70
0.0,0.742,@cnnbrk,0.258,0.7096,"RT @CNNPolitics: Former President George H.W. Bush is alert and talking, but he remains in intensive care https://t.co/8hg8oe6xlo https://t…",Tue Apr 24 14:09:56 +0000 2018,71
0.0,0.754,@cnnbrk,0.246,0.7351,RT @CNNMoney: Dow climbs 100 points on strong corporate profits. Caterpillar and Harley-Davidson jump on upbeat earnings. Nasdaq up 0.4%. W…,Tue Apr 24 13:34:45 +0000 2018,72
0.0,0.858,@cnnbrk,0.142,0.5106,"Naruto the monkey does not own the copyright to his selfie, a US court ruled in a People for the Ethical Treatment… https://t.co/ufUctdE7EF",Tue Apr 24 13:22:40 +0000 2018,73
0.0,0.838,@cnnbrk,0.162,0.4404,RT @CNNMoney: Uber CEO on diversity report: We need to improve 'across the board' https://t.co/bz96Aq5cQD https://t.co/ZDQYJN3ye0,Tue Apr 24 13:01:35 +0000 2018,74
0.175,0.825,@cnnbrk,0.0,-0.5574,A 10th person has died in Toronto as the result of a man driving a van into a crowd of pedestrians… https://t.co/UtEjuFQO86,Tue Apr 24 00:45:03 +0000 2018,75
0.124,0.876,@cnnbrk,0.0,-0.4019,"Ronny Jackson, Trump's nominee to lead the Department of Veterans Affairs, could be in trouble as senators review a… https://t.co/IHnabcxjE9",Tue Apr 24 00:08:06 +0000 2018,76
0.252,0.748,@cnnbrk,0.0,-0.7506,"The driver of the van that struck pedestrians in Toronto, killing at least nine, has been identified as Alek Minass… https://t.co/M37ajEcvi0",Mon Apr 23 23:14:11 +0000 2018,77
0.0,0.86,@cnnbrk,0.14,0.4767,"RT @CNNPolitics: Mike Pompeo advances out of committee with a favorable recommendation to become the next secretary of state, following Sen…",Mon Apr 23 23:08:38 +0000 2018,78
0.11,0.749,@cnnbrk,0.141,0.1779,Former President George H.W. Bush is hospitalized in intensive care just days after the funeral of his wife… https://t.co/MMCav779fz,Mon Apr 23 22:50:46 +0000 2018,79
0.275,0.725,@cnnbrk,0.0,-0.802,"At least nine people were killed and 16 injured in Toronto when a van drove into pedestrians on a busy street, a po… https://t.co/i9yjRepDe4",Mon Apr 23 20:53:58 +0000 2018,80
0.0,1.0,@cnnbrk,0.0,0.0,"It appears that the van crashing into pedestrians in Toronto was done deliberately, an official says… https://t.co/NbFdtHBvfZ",Mon Apr 23 20:12:41 +0000 2018,81
0.41,0.59,@cnnbrk,0.0,-0.8957,"The man suspected of killing 4 people at a Waffle House had a gun with him when he was arrested, police in Tennesse… https://t.co/uYuiOgHX0u",Mon Apr 23 19:51:21 +0000 2018,82
0.115,0.885,@cnnbrk,0.0,-0.296,The suspect in the deadly Waffle House shooting was found in a wooded area behind an apartment complex… https://t.co/qz5p0SsolS,Mon Apr 23 18:37:52 +0000 2018,83
0.134,0.866,@cnnbrk,0.0,-0.4767,"The driver of the van that hit multiple pedestrians in Toronto has been arrested, Toronto police tell CNN partner C… https://t.co/UyiUA7g4Y7",Mon Apr 23 18:36:32 +0000 2018,84
0.128,0.872,@cnnbrk,0.0,-0.296,"The suspect in the deadly Waffle House shooting is in custody, Nashville police say https://t.co/V6xnZkCwmv https://t.co/EL5ORjUHNi",Mon Apr 23 18:10:45 +0000 2018,85
0.143,0.857,@cnnbrk,0.0,-0.25,"A van struck multiple pedestrians on a busy street in Toronto, police say https://t.co/R2kMMJueIP https://t.co/IeVIQec8QO",Mon Apr 23 18:05:24 +0000 2018,86
0.0,1.0,@cnnbrk,0.0,0.0,Follow live: Sarah Sanders holds the White House press briefing after President Trump unleashed a series of insults… https://t.co/w2RPMxueGF,Mon Apr 23 17:40:02 +0000 2018,87
0.321,0.679,@cnnbrk,0.0,-0.8176,Police say there have been no credible sightings of the man suspected of killing four people at a Waffle House outs… https://t.co/IF2q7RZWqn,Mon Apr 23 15:00:49 +0000 2018,88
0.123,0.779,@cnnbrk,0.098,-0.1531,"Sears' CEO offers to buy the Kenmore brand from the troubled retailer, says sale will show value of company's portf… https://t.co/S2oTLNrhmX",Mon Apr 23 14:40:06 +0000 2018,89
0.098,0.844,@cnnbrk,0.058,-0.2263,"Russia urges President Trump to stand by the Iran nuclear deal, says there is ""no alternative"" to the landmark pact… https://t.co/qA69cz2BTB",Mon Apr 23 13:43:02 +0000 2018,90
0.0,1.0,@cnnbrk,0.0,0.0,"Britain's Duchess of Cambridge gives birth to a baby boy weighing 8 lbs, 7 oz. The baby is fifth in line to the thr… https://t.co/kLeWWyoojz",Mon Apr 23 12:17:28 +0000 2018,91
0.185,0.709,@cnnbrk,0.106,-0.4588,"Airstrikes kill at least 33 people at a wedding party in Yemen, medic and local official say. Saudi-led coalition s… https://t.co/2wWmvc2ckj",Mon Apr 23 12:06:43 +0000 2018,92
0.0,0.935,@cnnbrk,0.065,0.1027,"The Duchess of Cambridge has been admitted to the hospital in the early stages of labor, the royal family announced… https://t.co/kcnS525PXw",Mon Apr 23 08:01:55 +0000 2018,93
0.0,1.0,@cnnbrk,0.0,0.0,President Trump will ask North Korea to dismantle its nuclear arsenal before the US will talk about lifting sanctio… https://t.co/Z5CqQ49eAB,Mon Apr 23 00:05:16 +0000 2018,94
0.0,0.942,@cnnbrk,0.058,0.0258,Mexico and the European Union reach a trade deal that virtually eliminates tariffs. The deal marks a move by Mexico… https://t.co/6zaVkDWVC0,Sun Apr 22 22:40:28 +0000 2018,95
0.353,0.647,@cnnbrk,0.0,-0.8689,"The suspect in the Tennessee Waffle House killings had been arrested in July 2017 near the White House, officials s… https://t.co/lIrt3oVGkx",Sun Apr 22 20:42:36 +0000 2018,96
0.242,0.758,@cnnbrk,0.0,-0.7717,"The suspect in the Waffle House killings is still on the run and may have two more guns, officials in Tennessee say… https://t.co/5cJegkWLFe",Sun Apr 22 20:31:38 +0000 2018,97
0.122,0.739,@cnnbrk,0.139,0.1027,Iran's foreign minister says that President Trump's threats to pull out of the Iran nuclear agreement send a messag… https://t.co/FuDkPIxswv,Sun Apr 22 18:02:43 +0000 2018,98
0.234,0.766,@cnnbrk,0.0,-0.7269,"James Shaw Jr., 29, was identified as the man who charged the Waffle House killer and wrestled away his rifle. ""He… https://t.co/CgKlXNbAR8",Sun Apr 22 17:54:35 +0000 2018,99
0.0,0.861,@cnnbrk,0.139,0.4404,"Retiring Republican Sen. Bob Corker of Tennessee says he is supporting the Republican nominee to replace him, Rep.… https://t.co/XljjoUafGK",Sun Apr 22 13:42:53 +0000 2018,100
0.0,1.0,@FoxNews,0.0,0.0,"RIGHT NOW: @POTUS arrives in Michigan for campaign-style rally - For full live coverage, tune in to Fox News Channe… https://t.co/H474nUM9C0",Sat Apr 28 22:25:49 +0000 2018,1
0.295,0.636,@FoxNews,0.068,-0.7184,".@VP reacts to the death of Alfie Evans, UK toddler at center of legal battle. https://t.co/G2pwpOuAa1 https://t.co/54yOWp1GIR",Sat Apr 28 22:23:00 +0000 2018,2
0.0,1.0,@FoxNews,0.0,0.0,.@realDonaldTrump to hold rally in Michigan  https://t.co/6IIFDM3JL4,Sat Apr 28 22:20:50 +0000 2018,3
0.0,1.0,@FoxNews,0.0,0.0,"In a discussion on @foxandfriends, @Kathy4Truth talked about the ""the hypocrisy and extreme intolerance of the libe… https://t.co/sXIT0QwnEe",Sat Apr 28 22:19:00 +0000 2018,4
0.0,1.0,@FoxNews,0.0,0.0,President @realDonaldTrump is set to hold a rally Saturday night in Michigan. @MikeTobinFox has the story. https://t.co/IcZnM9uKbJ,Sat Apr 28 22:11:42 +0000 2018,5
0.507,0.493,@FoxNews,0.0,-0.8834,'Lost Their G--Damn Humanity': PBA President Furious Over Release of Cop Killer https://t.co/RW7YcUeTW7,Sat Apr 28 22:09:33 +0000 2018,6
0.0,1.0,@FoxNews,0.0,0.0,Cow caught on video charging at Texas law enforcement https://t.co/aNJ5HeyHiF,Sat Apr 28 22:00:19 +0000 2018,7
0.0,1.0,@FoxNews,0.0,0.0,"John Park on Trump, Kim Jong Un discussing Otto Warmbier: ""When it comes to dealing with these types of issues, the… https://t.co/A8W4ztUqHW",Sat Apr 28 21:50:13 +0000 2018,8
0.178,0.822,@FoxNews,0.0,-0.5994,"A woman holds balloons with photos of Alfie Evans, outside Alder Hey Children's Hospital, following the death of th… https://t.co/bW9x6wIp95",Sat Apr 28 21:48:50 +0000 2018,9
0.0,1.0,@FoxNews,0.0,0.0,Federal spending per household. https://t.co/BNe2otIEl9,Sat Apr 28 21:38:54 +0000 2018,10
0.295,0.636,@FoxNews,0.068,-0.7184,".@Pontifex reacts to the death of Alfie Evans, UK toddler at center of legal battle. https://t.co/G2pwpOuAa1 https://t.co/9et4V3T59u",Sat Apr 28 21:34:58 +0000 2018,11
0.396,0.604,@FoxNews,0.0,-0.802,"Two Texas siblings reunited after car crash that killed parents, baby sister https://t.co/5kriV7vJsG",Sat Apr 28 21:34:19 +0000 2018,12
0.151,0.849,@FoxNews,0.0,-0.2411,".@bongino: ""Jim @Comey's not telling the truth. Period, full stop."" https://t.co/UPk9MmHSR2 https://t.co/GXD2sqwUQv",Sat Apr 28 21:25:00 +0000 2018,13
0.09,0.769,@FoxNews,0.141,0.2937,".@cvpayne: ""I don't like the message @TheDemocrats have always pushed - ' We'll come to your rescue and get you hig… https://t.co/XQhIzECDGC",Sat Apr 28 21:24:11 +0000 2018,14
0.0,0.789,@FoxNews,0.211,0.4939,"In a discussion about @kanyewest on @foxandfriends, @DrDarrinPorcher praised President @realDonaldTrump's record on… https://t.co/qkyzKtIf39",Sat Apr 28 21:16:00 +0000 2018,15
0.122,0.878,@FoxNews,0.0,-0.3597,".@RepMattGaetz: ""We have some Senate Republicans who are more worried about protecting Bob Mueller than they are ab… https://t.co/RgqRCiJucU",Sat Apr 28 21:14:01 +0000 2018,16
0.0,1.0,@FoxNews,0.0,0.0,".@susanferrechio on Ronny Jackson allegations: ""[@SenatorTester] is the ranking member on the committee that vets t… https://t.co/HsV6kAIwA5",Sat Apr 28 21:12:26 +0000 2018,17
0.0,0.769,@FoxNews,0.231,0.4019,.@GiannoCaldwell: @kanyewest’s @realDonaldTrump Support Could Initiate 'Competition' Among Celebrities https://t.co/w8UcH02V9K,Sat Apr 28 21:09:57 +0000 2018,18
0.0,1.0,@FoxNews,0.0,0.0,".@AlanDersh: ""Democrats and left-wingers obviously think President Trump is the devil."" https://t.co/tygeDLXRNS https://t.co/ilkcz9KyXW",Sat Apr 28 21:04:00 +0000 2018,19
0.0,1.0,@FoxNews,0.0,0.0,"Happening Now: Awaiting @POTUS departure for Michigan rally - For full live coverage of the rally, tune in to Fox N… https://t.co/PE5b1nJEuV",Sat Apr 28 21:00:19 +0000 2018,20
0.118,0.882,@FoxNews,0.0,-0.3724,".@BPUnion Pres. Brandon Judd: ""To say that we don't respect peoples' rights is completely false. What happens is th… https://t.co/f6wgVdz0Oz",Sat Apr 28 20:55:04 +0000 2018,21
0.0,0.865,@FoxNews,0.135,0.3612,"Robert Driscoll: ""[James Comey's] reputation's gonna take a hit [because] he looks like a partisan actor and seems… https://t.co/RtC7PWDHHT",Sat Apr 28 20:50:23 +0000 2018,22
0.0,1.0,@FoxNews,0.0,0.0,"Happening Now: Awaiting @POTUS departure for Michigan rally - For full live coverage of the rally, tune in to Fox N… https://t.co/gOSy38LYIc",Sat Apr 28 20:45:38 +0000 2018,23
0.0,0.839,@FoxNews,0.161,0.3612,.@Joy_Villa: @kanyewest supports President @realDonaldTrump -- Here’s why his actions are so monumental… https://t.co/258GQLcDD6,Sat Apr 28 20:45:00 +0000 2018,24
0.102,0.898,@FoxNews,0.0,-0.1779,"'So, They Would Hide Treason?': @TuckerCarlson Debates Obama Campaign Staffer on GOP Covering up 'Collusion' https://t.co/pmLqZpnGbq",Sat Apr 28 20:43:33 +0000 2018,25
0.0,0.746,@FoxNews,0.254,0.6249,".@kathy4truth: ""This story is a perfect demonstration of the hypocrisy and extreme intolerance of the liberal left."" https://t.co/7Pss6IgUfb",Sat Apr 28 20:31:48 +0000 2018,26
0.338,0.441,@FoxNews,0.221,-0.1531,.@SteveHiltonx: Trump’s triumphs are driving his critics crazy https://t.co/7uSmJ5ffu3,Sat Apr 28 20:24:40 +0000 2018,27
0.0,0.854,@FoxNews,0.146,0.0951,"Fox News Poll: @POTUS ""not tough enough"" on: https://t.co/j4Lr3ArWhR",Sat Apr 28 20:20:11 +0000 2018,28
0.458,0.542,@FoxNews,0.0,-0.8519,BREAKING NEWS: Suspected killer of Maine sheriff's deputy arrested after 4-day manhunt. https://t.co/CBLXXUTWRe https://t.co/vQayWak6kR,Sat Apr 28 20:15:53 +0000 2018,29
0.0,0.863,@FoxNews,0.137,0.4019,".@jeffmason1 on WH Correspondents' Dinner: ""This is an administration that says it does support the First Amendment… https://t.co/Ct67RPryZn",Sat Apr 28 20:13:29 +0000 2018,30
0.0,0.783,@FoxNews,0.217,0.5574,".@DrDarrinPorcher: ""Kanye understands that there's a lot of positive things that @POTUS is doing."" https://t.co/kb4gdpOkwL",Sat Apr 28 20:09:00 +0000 2018,31
0.0,0.857,@FoxNews,0.143,0.4588,".@RochelleRitchie: ""I honestly think that @kanyewest right now is being used as a political pawn to continue this T… https://t.co/vZAmCi47B7",Sat Apr 28 20:01:36 +0000 2018,32
0.0,1.0,@FoxNews,0.0,0.0,Poll Average - Generic Congressional vote. https://t.co/zU97gGk682,Sat Apr 28 19:52:19 +0000 2018,33
0.302,0.698,@FoxNews,0.0,-0.5994,Man wanted in shooting death of Maine deputy caught https://t.co/qdEDNsc9lI,Sat Apr 28 19:49:29 +0000 2018,34
0.175,0.699,@FoxNews,0.126,-0.1779,OPINION: Ronny Jackson’s retreat from his VA secretary nomination is appalling https://t.co/6A5jb3vvKa,Sat Apr 28 19:36:57 +0000 2018,35
0.0,0.855,@FoxNews,0.145,0.296,"On @TheFive yesterday, @RealCandaceO decried the Democratic Party's record on helping African Americans.… https://t.co/0wNmnCLlZS",Sat Apr 28 19:35:57 +0000 2018,36
0.0,1.0,@FoxNews,0.0,0.0,"Katy Perry and Orlando Bloom meet the Pope, step out together in Rome https://t.co/VsvaJOT8Og",Sat Apr 28 19:33:03 +0000 2018,37
0.0,1.0,@FoxNews,0.0,0.0,"Moments ago, President @realDonaldTrump decried allegations made by @SenatorTester about Ronny Jackson.… https://t.co/Nc0a0OexR2",Sat Apr 28 19:23:50 +0000 2018,38
0.0,1.0,@FoxNews,0.0,0.0,Princess Michael of Kent reportedly had two black sheep named Venus and Serena https://t.co/axTzlzKZTC,Sat Apr 28 19:14:17 +0000 2018,39
0.0,1.0,@FoxNews,0.0,0.0,Brigitte Macron says @FLOTUS 'cannot do anything' https://t.co/OJWzE0JLRC,Sat Apr 28 19:09:32 +0000 2018,40
0.0,0.722,@FoxNews,0.278,0.6597,"@AdrianaCohen16: ""Labor unions support @POTUS. Blue-collar workers support the president, and they're not going any… https://t.co/NWqKEwi1mk",Sat Apr 28 19:03:04 +0000 2018,41
0.0,1.0,@FoxNews,0.0,0.0,Fox News Poll: Job performance among likely West Virginia Primary voters. https://t.co/QVlPrCTTid https://t.co/pwnWD9YvIg,Sat Apr 28 18:56:20 +0000 2018,42
0.0,0.847,@FoxNews,0.153,0.4019,"Ben Kissel: ""The Tea Party wave of 2010 has become the blue wave of 2018."" https://t.co/tpca9GSmCl",Sat Apr 28 18:54:21 +0000 2018,43
0.138,0.862,@FoxNews,0.0,-0.34,.@realDonaldTrump calls on Tester to resign over Ronny Jackson allegations: ‘His reputation has been shattered’ https://t.co/WBzxfh3QhH,Sat Apr 28 18:49:12 +0000 2018,44
0.0,0.769,@FoxNews,0.231,0.4019,.@GiannoCaldwell: @kanyewest’s @realDonaldTrump Support Could Initiate 'Competition' Among Celebrities https://t.co/w8UcH02V9K,Sat Apr 28 18:40:02 +0000 2018,45
0.0,1.0,@FoxNews,0.0,0.0,MAY 1st: The West Virginia GOP Senate Primary Debate moderated by @BretBaier and @marthamaccallum - Tune in at 6:30… https://t.co/K77dtwqZDx,Sat Apr 28 18:36:00 +0000 2018,46
0.139,0.861,@FoxNews,0.0,-0.4404,"Lt. Col. Daniel Davis: ""The ultimate objective is not to have nuclear weapons, it's to preserve their regime.""… https://t.co/Pw7lRokHBs",Sat Apr 28 18:33:41 +0000 2018,47
0.159,0.729,@FoxNews,0.113,-0.2675,".@alaynatreene on Ronny Jackson: ""@POTUS really believes that there is this huge injustice going on against his nom… https://t.co/o09I0XibDU",Sat Apr 28 18:24:40 +0000 2018,48
0.507,0.493,@FoxNews,0.0,-0.8834,'Lost Their G--Damn Humanity': PBA President Furious Over Release of Cop Killer https://t.co/RW7YcUeTW7,Sat Apr 28 18:12:22 +0000 2018,49
0.0,0.789,@FoxNews,0.211,0.4939,"Earlier, President @realDonaldTrump tweeted about his excitement for Saturday's rally in Michigan. https://t.co/5xcZuihhwN",Sat Apr 28 18:04:48 +0000 2018,50
0.0,0.828,@FoxNews,0.172,0.3612,.@Joy_Villa: @kanyewest supports @realDonaldTrump -- Here’s why his actions are so monumental https://t.co/DWSebiEIAI,Sat Apr 28 18:01:54 +0000 2018,51
0.16,0.84,@FoxNews,0.0,-0.2732,"Lamborghini cut in half after crashing into light pole, authorities say https://t.co/aWVANyVW6A",Sat Apr 28 17:48:23 +0000 2018,52
0.338,0.662,@FoxNews,0.0,-0.8258,".@dbongino on presidential physician Ronny Jackson: “This is one of the most disgusting, horrifying, putrid episode… https://t.co/btS1hdTOUt",Sat Apr 28 17:33:32 +0000 2018,53
0.0,0.839,@FoxNews,0.161,0.3612,OPINION: @Joy_Villa: @kanyewest supports @realDonaldTrump -- Here’s why his actions are so monumental https://t.co/NVKk7oP9u3,Sat Apr 28 17:23:17 +0000 2018,54
0.262,0.738,@FoxNews,0.0,-0.5994,JUST IN: Man wanted in shooting death of Maine deputy caught https://t.co/qdEDNsc9lI,Sat Apr 28 17:10:50 +0000 2018,55
0.0,1.0,@FoxNews,0.0,0.0,Thousands of balloons were released outside the Liverpool hospital where British toddler Alfie Evans died.… https://t.co/0S930rjRZa,Sat Apr 28 17:05:30 +0000 2018,56
0.507,0.493,@FoxNews,0.0,-0.8834,'Lost Their G--Damn Humanity': PBA President Furious Over Release of Cop Killer https://t.co/7g4sgfv42Q,Sat Apr 28 16:57:50 +0000 2018,57
0.211,0.789,@FoxNews,0.0,-0.34,'Fire rainbow' spotted over Pinnacles National Park in California https://t.co/Fqv2DKbocI,Sat Apr 28 16:36:50 +0000 2018,58
0.0,0.526,@FoxNews,0.474,0.872,"OPINION: After North Korea triumph Trump deserves the Nobel Peace Prize, not Obama https://t.co/TZO9j6Zs88",Sat Apr 28 16:32:16 +0000 2018,59
0.0,1.0,@FoxNews,0.0,0.0,"OPINION: GQ just doesn’t get it, the Bible will never go out of style https://t.co/46a8g732Na",Sat Apr 28 16:21:54 +0000 2018,60
0.0,1.0,@FoxNews,0.0,0.0,"Trump hails ‘ongoing negotiations’ after historic Koreas summit, says meeting with Kim ‘being set’ https://t.co/mTCjtQC1pm",Sat Apr 28 16:18:28 +0000 2018,61
0.15,0.85,@FoxNews,0.0,-0.4588,A sailor assigned to the Arleigh Burke-class guided-missile destroyer USS Preble (DDG 88) meets his daughter for th… https://t.co/9LlQKdi0Ps,Sat Apr 28 16:01:50 +0000 2018,62
0.155,0.845,@FoxNews,0.0,-0.296,".@DevinNunes: ""We found no collusion between the Trump campaign and the Russians."" https://t.co/z3Qhd0bKtX",Sat Apr 28 15:56:32 +0000 2018,63
0.0,1.0,@FoxNews,0.0,0.0,Kate Middleton's baby reveal dress likened to 'Rosemary's Baby' frock on Twitter https://t.co/DeHPRtlf31,Sat Apr 28 15:54:11 +0000 2018,64
0.192,0.808,@FoxNews,0.0,-0.2263,Celebrities who stopped following @kanyewest on Twitter. https://t.co/pEhnKHdHOO https://t.co/iFhvDChIOt,Sat Apr 28 15:42:03 +0000 2018,65
0.143,0.79,@FoxNews,0.067,-0.3867,"TOMORROW: Don't miss ""Life, Liberty, &amp; Levin"" with @marklevinshow - Tune in at 10p ET on Fox News Channel! https://t.co/H2B6rEEUPT",Sat Apr 28 15:38:00 +0000 2018,66
0.0,1.0,@FoxNews,0.0,0.0,Secretary of State Mike Pompeo arrives in Saudi Arabia https://t.co/yUkuoOHLQT,Sat Apr 28 15:32:19 +0000 2018,67
0.0,0.773,@FoxNews,0.227,0.6486,.@DarrellIssa: “The president has three responsibilities and one of them clearly is to protect our borders and he i… https://t.co/FJHbn3L1Il,Sat Apr 28 15:20:43 +0000 2018,68
0.0,1.0,@FoxNews,0.0,0.0,Was 'liars' remark directed at Haley? Palestinian ambassador won't say https://t.co/WvlKz3JfFG,Sat Apr 28 15:16:09 +0000 2018,69
0.0,1.0,@FoxNews,0.0,0.0,Central American migrants seeking asylum in U.S. expected to cross U.S. - Mexico border this weekend https://t.co/eSsChla9u6,Sat Apr 28 15:10:45 +0000 2018,70
0.0,0.833,@FoxNews,0.167,0.3818,Customer in cowboy hat helps thwart armed robbery at Monterrey butcher shop https://t.co/siA4vwuo0r https://t.co/bSr9YB4ghH,Sat Apr 28 15:00:51 +0000 2018,71
0.0,1.0,@FoxNews,0.0,0.0,Finland to end its universal basic income program by year's end https://t.co/SZUgvw7SbC,Sat Apr 28 14:57:38 +0000 2018,72
0.138,0.862,@FoxNews,0.0,-0.34,Trump calls on Tester to resign over Ronny Jackson allegations: ‘His reputation has been shattered’ https://t.co/r0DN17Eckg,Sat Apr 28 14:49:07 +0000 2018,73
0.0,0.847,@FoxNews,0.153,0.5574,.@RepKinzinger: “I think the president has done a fantastic job to drive North Korea to the table and he should get… https://t.co/Qvmzhcl80N,Sat Apr 28 14:34:55 +0000 2018,74
0.173,0.827,@FoxNews,0.0,-0.5267,"Hector Garza: “What we need to stop is catch and release. We need to stop releasing these people, if not the flood… https://t.co/OyuOjXrgfW",Sat Apr 28 14:12:37 +0000 2018,75
0.318,0.682,@FoxNews,0.0,-0.6369,Arizona police officer fatally shot trying to apprehend carjacker https://t.co/clVwr6EcaD,Sat Apr 28 14:01:36 +0000 2018,76
0.0,1.0,@FoxNews,0.0,0.0,"Inflatable Duck Drifts Aimlessly Down Street in Des Moines, Iowa https://t.co/POseQr6H5E",Sat Apr 28 13:59:24 +0000 2018,77
0.0,1.0,@FoxNews,0.0,0.0,"Moments ago, President @realDonaldTrump tweeted about speaking with the President of South Korea and the Japanese P… https://t.co/UOcYITFocl",Sat Apr 28 13:50:23 +0000 2018,78
0.15,0.437,@FoxNews,0.413,0.6597,Heart Attack Survivor Hand Delivers Gifts to Paramedics Who Saved His Life https://t.co/b0TwZFm34c,Sat Apr 28 13:41:40 +0000 2018,79
0.0,1.0,@FoxNews,0.0,0.0,.@jockowillink: “I think the biggest concern here is going to be egos on both sides and I think people are going to… https://t.co/zYhJMvWlHs,Sat Apr 28 13:29:11 +0000 2018,80
0.0,0.759,@FoxNews,0.241,0.659,.@GeraldoRivera: “If this happens and there are really meaningful steps taken… the President of the United States s… https://t.co/Bidp5JJ1SL,Sat Apr 28 13:18:27 +0000 2018,81
0.202,0.798,@FoxNews,0.0,-0.5106,"Pro-gun student sues school over dress code, claims it violates First Amendment rights https://t.co/lFBGnNsrMq",Sat Apr 28 12:48:01 +0000 2018,82
0.0,1.0,@FoxNews,0.0,0.0,".@AlanDersh: “There should have been an independent, non-partisan investigation to look at the role that Russia pla… https://t.co/F6iywOJUo6",Sat Apr 28 12:44:48 +0000 2018,83
0.197,0.717,@FoxNews,0.085,-0.5423,.@AlanDersh: “Now Democrats and left-wingers obviously think President Trump is the devil and they’re prepared to e… https://t.co/8IyZzjjXhg,Sat Apr 28 12:44:21 +0000 2018,84
0.196,0.804,@FoxNews,0.0,-0.5994,"A woman leaves some flowers outside Alder Hey Children's Hospital in Liverpool, following the death of 23-month-old… https://t.co/cYjFN6qoYB",Sat Apr 28 12:33:57 +0000 2018,85
0.0,1.0,@FoxNews,0.0,0.0,Moments ago President @realDonaldTrump tweeted about presidential physician Ronny Jackson https://t.co/yetLFXf6sZ,Sat Apr 28 12:12:30 +0000 2018,86
0.0,1.0,@FoxNews,0.0,0.0,Photo of Donald Trump 'look-alike' in Spain goes viral https://t.co/ELrZmo81wI,Sat Apr 28 12:07:36 +0000 2018,87
0.127,0.633,@FoxNews,0.241,0.4215,Olympian who stood with Americans in protest honored 50 years later https://t.co/MKAoIAPBQC,Sat Apr 28 11:58:15 +0000 2018,88
0.0,0.828,@FoxNews,0.172,0.4019,"Walmart customer in Kentucky uses store intercom to ask for help, goes viral https://t.co/2uCZ8g4XZM",Sat Apr 28 11:43:14 +0000 2018,89
0.0,0.87,@FoxNews,0.13,0.4588,"Rochelle Ritchie: “I honestly think that Kanye West right now, is being used as a political pawn to continue this T… https://t.co/wwbqeU6lYo",Sat Apr 28 11:35:26 +0000 2018,90
0.27,0.73,@FoxNews,0.0,-0.743,Brandon Judd: “How many more Americans need to lose their lives to illegal immigrants until we take a stand?” https://t.co/i7IyyDyG1c,Sat Apr 28 11:28:22 +0000 2018,91
0.155,0.845,@FoxNews,0.0,-0.5095,"Brandon Judd: “What President Trump has done is nothing less than miraculous, when he has completely forced a drop… https://t.co/wDBpWv5jSh",Sat Apr 28 11:25:23 +0000 2018,92
0.315,0.484,@FoxNews,0.202,-0.34,"North, South Korea agree to end war https://t.co/2DPT9c6d00",Sat Apr 28 11:14:17 +0000 2018,93
0.0,1.0,@FoxNews,0.0,0.0,Anthony Tata: “What you’ve got is a president who has said what he’s going to do and he does what he says.” https://t.co/5hj3GvS1Kl,Sat Apr 28 11:02:40 +0000 2018,94
0.0,0.775,@FoxNews,0.225,0.4404,.@dbongino on presidential physician Ronny Jackson: “This is a good man.” https://t.co/gTOpqmUREE,Sat Apr 28 10:46:18 +0000 2018,95
0.338,0.662,@FoxNews,0.0,-0.8258,".@dbongino on presidential physician Ronny Jackson: “This is one of the most disgusting, horrifying, putrid episode… https://t.co/XmwpHA04B0",Sat Apr 28 10:44:00 +0000 2018,96
0.0,1.0,@FoxNews,0.0,0.0,President @realDonaldTrump holds rally in Michigan during White House Correspondent’s Dinner https://t.co/3xBkpo8S6Z https://t.co/f4Hp3BKexA,Sat Apr 28 10:30:50 +0000 2018,97
0.0,0.821,@FoxNews,0.179,0.2924,"Ex-adviser to Clinton not confrontational in 2nd video, police say https://t.co/BddpYihXAH",Sat Apr 28 10:27:13 +0000 2018,98
0.0,0.826,@FoxNews,0.174,0.2263,Discovery of a lifetime: 'Fake' gold coin actually worth millions https://t.co/fIyxpUVclH,Sat Apr 28 10:18:57 +0000 2018,99
0.161,0.653,@FoxNews,0.186,0.128,"Dems fear GOP wins in California because of state's primary system, Hoyer says: report https://t.co/Ke1LkysXXk",Sat Apr 28 10:17:51 +0000 2018,100
0.0,0.841,@nytimes,0.159,0.5267,"For 2 people immersed in social justice and antiwar work, where everything seems to happen at a glacial pace, love… https://t.co/NlcdDlDjIJ",Sat Apr 28 22:18:05 +0000 2018,1
0.0,1.0,@nytimes,0.0,0.0,Stars Remember the Golden Age of New York Theater https://t.co/6nR9PdpaHe,Sat Apr 28 22:06:17 +0000 2018,2
0.0,1.0,@nytimes,0.0,0.0,Doris Burke Has Game https://t.co/fgoRf3ynEa,Sat Apr 28 22:03:00 +0000 2018,3
0.0,1.0,@nytimes,0.0,0.0,Opinion: “Rich” is still a man’s word. She's taking it back. https://t.co/GkNJgA8jvH,Sat Apr 28 21:59:02 +0000 2018,4
0.0,1.0,@nytimes,0.0,0.0,How to spend 36 hours in Copenhagen https://t.co/x93j2aHsWL,Sat Apr 28 21:45:08 +0000 2018,5
0.0,0.9,@nytimes,0.1,0.25,"An NYC burlesque troupe created a community where women of color, queer and transgender performers could be their u… https://t.co/71Z9yBNPH8",Sat Apr 28 21:30:09 +0000 2018,6
0.0,1.0,@nytimes,0.0,0.0,"""Every time I encounter lovers,"" the French photographer Willy Ronis said, ""my camera smiles."" https://t.co/yxnUvRD3Jh",Sat Apr 28 21:15:07 +0000 2018,7
0.191,0.809,@nytimes,0.0,-0.6705,"Diante Yarber was killed by the police in a Walmart parking lot on April 5 in Barstow, Calif. Officials have refuse… https://t.co/XlauT4CTdL",Sat Apr 28 20:59:03 +0000 2018,8
0.254,0.67,@nytimes,0.076,-0.6124,President Trump is privately rejecting the growing consensus among Republican leaders that they may lose the House… https://t.co/ESFWArEnCe,Sat Apr 28 20:45:03 +0000 2018,9
0.0,0.884,@nytimes,0.116,0.4404,"Opinion: ""The good news is that more and more cities are deciding to wrest control of their streets back from the t… https://t.co/vjqXPneReS",Sat Apr 28 20:30:11 +0000 2018,10
0.231,0.582,@nytimes,0.188,-0.3246,"Grace Mave, 12, barely survived an assault on her village in Congo in which her mom and siblings died. The attacker… https://t.co/bNzjp3x5DN",Sat Apr 28 20:14:07 +0000 2018,11
0.245,0.755,@nytimes,0.0,-0.6369,"A fire broke out in a 33-story high-rise under construction in Baku, Azerbaijan, that was once called “Donald Trump… https://t.co/nX57OO0dbw",Sat Apr 28 19:59:05 +0000 2018,12
0.0,0.873,@nytimes,0.127,0.4404,"On the way to a work dinner, 2 senior men at Nike debated whether L.A. or Portland had better strip clubs, accordin… https://t.co/7n2qPQBpD6",Sat Apr 28 19:54:58 +0000 2018,13
0.184,0.816,@nytimes,0.0,-0.5423,"Five years ago, Pope Francis was elected to be an agent of change within a church shaken by scandals. He quickly be… https://t.co/4Nd7KZwrvf",Sat Apr 28 19:45:08 +0000 2018,14
0.0,1.0,@nytimes,0.0,0.0,"For too many women, life inside Nike had turned toxic. So a group of women there started a small revolt. https://t.co/zRXZoLFQoj",Sat Apr 28 19:29:46 +0000 2018,15
0.0,0.849,@nytimes,0.151,0.4939,"Ludwig Bemelmans said that Madeline was inspired by his mother, wife and daughter. “But,” his grandson wrote after… https://t.co/siGfgOMu5E",Sat Apr 28 19:14:04 +0000 2018,16
0.335,0.512,@nytimes,0.153,-0.7519,"“I have not been exempt from being dumb or cruel or hurtful to the very people I want to advocate for,” Joy Reid sa… https://t.co/8X7I4yMXYa",Sat Apr 28 18:59:02 +0000 2018,17
0.0,1.0,@nytimes,0.0,0.0,Archaeologists in Peru say they have found evidence of what could be one of the world’s largest single cases of chi… https://t.co/kwFGxAlE02,Sat Apr 28 18:45:09 +0000 2018,18
0.0,1.0,@nytimes,0.0,0.0,A memorial in Alabama demands a reckoning with one of America's least recognized atrocities: the lynching of thousa… https://t.co/r013G4cH10,Sat Apr 28 18:30:05 +0000 2018,19
0.16,0.593,@nytimes,0.247,0.3581,"“My gladiator lay down his shield and gained his wings at 02.30 a.m. Absolutely heartbroken. I love you, my guy.” https://t.co/1Xt9sRaarg",Sat Apr 28 18:14:01 +0000 2018,20
0.242,0.758,@nytimes,0.0,-0.5859,"Could the G.O.P. lose Congress? President Trump has privately dismissed concerns, leaving officials nervous about h… https://t.co/3yMpgG1sGS",Sat Apr 28 17:59:03 +0000 2018,21
0.0,1.0,@nytimes,0.0,0.0,👸🏻+🤴🏻https://t.co/wjIfFVGXWY,Sat Apr 28 17:45:04 +0000 2018,22
0.298,0.702,@nytimes,0.0,-0.8591,The Golden State Killer’s barrage of rapes and murders began in a gold mining area east of Sacramento in 1976. By 1… https://t.co/S1k1HzYTpA,Sat Apr 28 17:30:11 +0000 2018,23
0.216,0.784,@nytimes,0.0,-0.6597,"Opinion: Two scientists write that ""a worldwide catastrophe is underway among an extraordinary group of birds."" https://t.co/7rdAQMMsvv",Sat Apr 28 17:16:04 +0000 2018,24
0.0,1.0,@nytimes,0.0,0.0,"Brock Crouch ended up on a bulge of snow that snapped underneath him. Then, he fell out of sight. https://t.co/fYhaq9YA3a",Sat Apr 28 17:01:02 +0000 2018,25
0.332,0.594,@nytimes,0.073,-0.8555,"“He was extremely wily.” 

How a serial rapist and murderer in California flaunted his power as well as his belief… https://t.co/ZMxoC5aHjQ",Sat Apr 28 16:49:01 +0000 2018,26
0.115,0.809,@nytimes,0.077,-0.2263,"RT @jmartNYT: NEW: Top Republicans, including McConnell, increasingly believe they may lose both the House &amp; Senate, are pleading w Trump o…",Sat Apr 28 16:43:37 +0000 2018,27
0.0,0.894,@nytimes,0.106,0.3818,“It’s clear that we’re going to have to remove carbon dioxide from the atmosphere. And we’re going to have to do it… https://t.co/ooAcW9CM7f,Sat Apr 28 16:30:07 +0000 2018,28
0.155,0.845,@nytimes,0.0,-0.296,"The week's most notable new songs and videos, chosen by @nytimesmusic critics https://t.co/R4vFkPHCjf",Sat Apr 28 16:15:04 +0000 2018,29
0.0,1.0,@nytimes,0.0,0.0,"Senator Jon Tester helped thwart the cabinet nomination of Dr. Ronny Jackson. 

President Donald Trump made it clea… https://t.co/xk6FJyNynM",Sat Apr 28 15:59:04 +0000 2018,30
0.179,0.821,@nytimes,0.0,-0.5423,"The official story of Ricky Boyd’s fatal encounter with law enforcement officers changed, then changed again https://t.co/WOkdcO1jeI",Sat Apr 28 15:45:07 +0000 2018,31
0.123,0.599,@nytimes,0.278,0.5267,“I realized I had the strength to look in the face of somebody who would commit a crime like this.” — Lise-Lotte Lu… https://t.co/Uf395wsfpk,Sat Apr 28 15:31:06 +0000 2018,32
0.0,1.0,@nytimes,0.0,0.0,Bob Dylan is getting into the whiskey business with a brand called Heaven's Door — yet another career twist in 5 de… https://t.co/yFbALkL2pf,Sat Apr 28 15:17:05 +0000 2018,33
0.132,0.868,@nytimes,0.0,-0.4404,"The $375,000 salary for the new CDC director has come under criticism from Senate Democrats and watchdog groups. He… https://t.co/d57yWPFnUU",Sat Apr 28 14:59:05 +0000 2018,34
0.0,1.0,@nytimes,0.0,0.0,Koreans set the table for a deal. Will President Trump be able to close it? https://t.co/CvOfIJmjTy,Sat Apr 28 14:45:08 +0000 2018,35
0.0,1.0,@nytimes,0.0,0.0,Speaker Paul Ryan’s decision to dismiss the House chaplain has caused a firestorm on Capitol Hill https://t.co/5ODA2FXsc0,Sat Apr 28 14:30:06 +0000 2018,36
0.191,0.651,@nytimes,0.158,-0.4019,"A relentless tide of people are fleeing the deepening economic crisis in Venezuela, testing Brazil's tolerance for… https://t.co/ZiQzFqwUmu",Sat Apr 28 14:17:03 +0000 2018,37
0.0,0.661,@nytimes,0.339,0.6249,"11 great titles expiring from Netflix in May
https://t.co/f7Bn552i3J",Sat Apr 28 14:02:05 +0000 2018,38
0.43,0.57,@nytimes,0.0,-0.8074,Trump Calls on Montana Democrat to Resign in Fight Over Failed V.A. Nomination https://t.co/5N3UGByvxn,Sat Apr 28 13:56:45 +0000 2018,39
0.25,0.75,@nytimes,0.0,-0.7184,"In the Hart household, any act of insubordination could be severely punished. The children knew this all too well,… https://t.co/JLnQ5pGQum",Sat Apr 28 13:41:04 +0000 2018,40
0.178,0.747,@nytimes,0.075,-0.5423,Should genealogy databases be used to solve crimes? The Golden State Killer case has set off a debate over privacy… https://t.co/5Yw2PfGAGQ,Sat Apr 28 13:21:06 +0000 2018,41
0.0,0.714,@nytimes,0.286,0.5574,"Korean Accord Draws Praise, and Caution, From North’s Neighbors https://t.co/TajSG38uGN",Sat Apr 28 13:20:08 +0000 2018,42
0.0,1.0,@nytimes,0.0,0.0,Why One Woman Testified Against Bill Cosby: ‘I Had the Strength’ https://t.co/xCzWD9aI4P,Sat Apr 28 13:14:51 +0000 2018,43
0.0,1.0,@nytimes,0.0,0.0,"Six months ago, a parks official came across 2 boxes that had been sitting around for decades. Inside were 2,924 sl… https://t.co/9R2JZ4Mt1U",Sat Apr 28 13:02:02 +0000 2018,44
0.208,0.519,@nytimes,0.274,0.1027,The Ethicist: I'm a 73-year-old cancer survivor. Is it ethical to get a kidney transplant? https://t.co/cBGck0mmFs,Sat Apr 28 12:41:03 +0000 2018,45
0.0,0.649,@nytimes,0.351,0.7579,"The Week in Good News: The Waffle House Hero, a Dachshund Museum, a Royal Baby https://t.co/Zlqb4Pp0sO",Sat Apr 28 12:35:36 +0000 2018,46
0.0,0.722,@nytimes,0.278,0.8271,"The math of frequent-flier miles may not always add up, but perks like free checked bags have people flocking to tr… https://t.co/LnEc2DZjHw",Sat Apr 28 12:21:05 +0000 2018,47
0.0,1.0,@nytimes,0.0,0.0,This simple side dish takes only 15 minutes to make https://t.co/4vNZl5jz67,Sat Apr 28 12:02:05 +0000 2018,48
0.0,1.0,@nytimes,0.0,0.0,"Mark your calendars, New Jersey: November 17 will be Danny DeVito Day. https://t.co/m5aWcxfdl8",Sat Apr 28 11:41:02 +0000 2018,49
0.0,0.868,@nytimes,0.132,0.4939,"RT @NYTStyles: Ludwig Bemelmans said that Madeline was inspired by his mother, wife and daughter. “But,” his grandson wrote after his death…",Sat Apr 28 11:21:03 +0000 2018,50
0.12,0.88,@nytimes,0.0,-0.3818,"She desperately wanted to move in to a retirement community.
He told her he'd ""sit in the burned-out, firebombed ru… https://t.co/BEyKYYzdq1",Sat Apr 28 11:02:02 +0000 2018,51
0.0,0.856,@nytimes,0.144,0.4939,"RT @nytopinion: Job title: Mother. You will enjoy a bunch of superficial attention and lip service from culture, advertisers and politician…",Sat Apr 28 10:32:05 +0000 2018,52
0.0,1.0,@nytimes,0.0,0.0,The Landmarks That Made New York a Cultural Capital https://t.co/8mehOC3uiy,Sat Apr 28 10:20:34 +0000 2018,53
0.217,0.783,@nytimes,0.0,-0.3612,"A Word With: For Charlize Theron, Motherhood Is Messy Business https://t.co/jwqiU4F99f",Sat Apr 28 10:17:37 +0000 2018,54
0.425,0.575,@nytimes,0.0,-0.8126,"To catch a killer: a fake profile on a DNA site and a pristine sample
https://t.co/xHTGc0znUq",Sat Apr 28 10:02:06 +0000 2018,55
0.0,0.86,@nytimes,0.14,0.0772,Irish Voters Speak Out on Landmark Abortion Referendum https://t.co/ABK4sJpEqe,Sat Apr 28 09:52:54 +0000 2018,56
0.0,0.724,@nytimes,0.276,0.6369,Kenya Bans Film About 2 Girls in Love Because It’s ‘Too Hopeful’ https://t.co/V4AVLDpZH1,Sat Apr 28 09:50:25 +0000 2018,57
0.0,0.872,@nytimes,0.128,0.4215,"RT @nytimesworld: The anti-vaccine movement in the United States has spread to pets, prompting the British Veterinary Association to issue…",Sat Apr 28 09:38:05 +0000 2018,58
0.0,1.0,@nytimes,0.0,0.0,"RT @alanfeuer: You may have read bits &amp; pieces about the corruption probe that ensnared two Hasidic businessmen, the police, a hedge fund m…",Sat Apr 28 09:21:06 +0000 2018,59
0.0,1.0,@nytimes,0.0,0.0,What President Trump can expect from his trip to Britain https://t.co/VQEsabjcfg,Sat Apr 28 09:03:01 +0000 2018,60
0.0,1.0,@nytimes,0.0,0.0,The Year I Learned to Quit https://t.co/Ba8msQMkCM,Sat Apr 28 08:55:22 +0000 2018,61
0.329,0.671,@nytimes,0.0,-0.6597,"Alfie Evans, Terminally Ill British Toddler at Center of Court Fight, Dies https://t.co/OptTwlvsLs",Sat Apr 28 08:52:35 +0000 2018,62
0.0,0.952,@nytimes,0.048,0.0516,"RT @nytimesworld: Russia's ice roads are made in the fall by plowing insulating snow off the soil, allowing the cold air to freeze the bogg…",Sat Apr 28 08:34:04 +0000 2018,63
0.187,0.707,@nytimes,0.106,-0.3182,"RT @nytopinion: It’s possible now to envision a path away from war, and for that even us skeptics should be grateful, says @NickKristof htt…",Sat Apr 28 08:10:54 +0000 2018,64
0.0,0.766,@nytimes,0.234,0.7003,"RT @nytopinion: Inspired by a stunning look at polar bears, we are highlighting some of the wonders of nature this weekend https://t.co/gYN…",Sat Apr 28 07:54:02 +0000 2018,65
0.0,1.0,@nytimes,0.0,0.0,"RT @nytopinion: Watching Macron, @NYTimesCohen thinks: The world owes one to France, big time https://t.co/71TLbPnV73",Sat Apr 28 07:37:04 +0000 2018,66
0.155,0.845,@nytimes,0.0,-0.5106,This might explain why you think people are angry with you all the time – even when they're not https://t.co/I6ocQN8Nm3,Sat Apr 28 07:21:44 +0000 2018,67
0.0,0.595,@nytimes,0.405,0.7783,"There's a great way to get to know Paris: Walking, yes indeed https://t.co/J7rBe4NnHI",Sat Apr 28 07:05:35 +0000 2018,68
0.0,1.0,@nytimes,0.0,0.0,President Trump Is Coming to Britain. Here’s What He Can Expect. https://t.co/xjz06RXgeF,Sat Apr 28 06:47:13 +0000 2018,69
0.0,1.0,@nytimes,0.0,0.0,"RT @nytimesarts: ""Every time I encounter lovers,"" the French photographer Willy Ronis said, ""my camera smiles."" https://t.co/eNQrDL0yle",Sat Apr 28 06:33:02 +0000 2018,70
0.0,0.8,@nytimes,0.2,0.6705,"Abba: “We all felt that, after some 35 years, it could be fun to join forces again and go into the recording studio"" https://t.co/OCUmb9DQuf",Sat Apr 28 06:06:01 +0000 2018,71
0.0,0.82,@nytimes,0.18,0.5574,"""The 'Mona Lisa' has, to all meaningful intents and purposes, ceased to exist as an original work of art. It has be… https://t.co/wf72DEdIVh",Sat Apr 28 05:49:14 +0000 2018,72
0.0,1.0,@nytimes,0.0,0.0,"RT @DanBilefsky: During an 8-hour interview with all the drama of one of his films, the prolific Canadian film director @XDolan told me abo…",Sat Apr 28 05:32:02 +0000 2018,73
0.273,0.727,@nytimes,0.0,-0.7184,"Archaeologists in Sweden found victims of a 5th-century massacre where attackers used swords, axes and clubs to but… https://t.co/nII6B4wgTp",Sat Apr 28 05:15:51 +0000 2018,74
0.0,0.909,@nytimes,0.091,0.1779,"Amazon said it was raising the price of its Prime membership service 20%, to $119 from $99 https://t.co/yYcCvLOoA0",Sat Apr 28 04:58:56 +0000 2018,75
0.296,0.704,@nytimes,0.0,-0.8402,"RT @nytpolitics: The parents of Otto Warmbier have sued North Korea, alleging that it kidnapped, tortured and murdered their son https://t.…",Sat Apr 28 04:42:03 +0000 2018,76
0.0,1.0,@nytimes,0.0,0.0,"This fungus can respond to wind and touch, grow toward light and detect and navigate around objects placed above it… https://t.co/UvcVZWzYEV",Sat Apr 28 04:21:02 +0000 2018,77
0.0,0.623,@nytimes,0.377,0.8979,"A film about 2 girls in love, the first Kenyan film ever nominated for an award at Cannes Film Festival, is banned… https://t.co/hw7HeR7ntH",Sat Apr 28 04:02:03 +0000 2018,78
0.353,0.647,@nytimes,0.0,-0.8689,"RT @nytimesbusiness: Describing himself as ""angry, hurt and unmoored,"" Tom Brokaw denied an allegation that he harassed a former NBC News c…",Sat Apr 28 03:47:03 +0000 2018,79
0.0,0.763,@nytimes,0.237,0.4215,"""Have you met James? James saved a lot of lives."" https://t.co/llXGAsenX6",Sat Apr 28 03:32:01 +0000 2018,80
0.0,0.82,@nytimes,0.18,0.6697,RT @jakesNYT: Is Mr. Kim is really ready to make a deal? Or is he is betting - as most experts think - he can get help to normalize DPRK’s…,Sat Apr 28 03:17:03 +0000 2018,81
0.257,0.743,@nytimes,0.0,-0.4215,"Stormy Daniels lawsuit delayed as judge cites ""likely"" indictment of Michael Cohen https://t.co/vJShJ6Tf2Y",Sat Apr 28 03:02:05 +0000 2018,82
0.0,0.8,@nytimes,0.2,0.6705,"Abba: “We all felt that, after some 35 years, it could be fun to join forces again and go into the recording studio"" https://t.co/GMZD2K8oQ6",Sat Apr 28 02:47:06 +0000 2018,83
0.0,1.0,@nytimes,0.0,0.0,"""I am a lawyer, and I am an informant,"" said Natalia Veselnitskaya, the Russian lawyer who met with Trump campaign… https://t.co/3gLNX4jjcw",Sat Apr 28 02:32:07 +0000 2018,84
0.264,0.736,@nytimes,0.0,-0.7783,"RT @NYTNational: Brittany Oswell suffered a pulmonary embolism on an American Airlines flight from Hawaii. She later died, and her family h…",Sat Apr 28 02:17:02 +0000 2018,85
0.0,1.0,@nytimes,0.0,0.0,Speaker Paul Ryan’s decision to dismiss the House chaplain has caused a firestorm on Capitol Hill https://t.co/XNEZDvfWed,Sat Apr 28 02:02:03 +0000 2018,86
0.0,1.0,@nytimes,0.0,0.0,"5 takeaways from the House report on Russian election meddling
https://t.co/z5TKigmkAS",Sat Apr 28 01:47:05 +0000 2018,87
0.178,0.747,@nytimes,0.075,-0.5423,Should genealogy databases be used to solve crimes? The Golden State Killer case has set off a debate over privacy… https://t.co/nGQFL8EJBs,Sat Apr 28 01:32:07 +0000 2018,88
0.356,0.644,@nytimes,0.0,-0.8074,"RT @bankonjustin: For decades, the chilling Golden State Killer attacks hung over California communities. 

@MitchKSmith and I took a look…",Sat Apr 28 01:17:04 +0000 2018,89
0.0,1.0,@nytimes,0.0,0.0,Evening Briefing: Here's what you need to know at the end of the day https://t.co/ztidViKti8,Sat Apr 28 01:02:07 +0000 2018,90
0.0,0.82,@nytimes,0.18,0.5574,"""The 'Mona Lisa' has, to all meaningful intents and purposes, ceased to exist as an original work of art. It has be… https://t.co/q59O4gyp57",Sat Apr 28 00:47:05 +0000 2018,91
0.087,0.731,@nytimes,0.183,0.2732,A federal judge dismissed a lawsuit filed by Paul Manafort that tried to narrow the authority of the special counsel https://t.co/JKoCFjD1wl,Sat Apr 28 00:32:04 +0000 2018,92
0.0,0.929,@nytimes,0.071,0.25,RT @nytopinion: It’s even less likely that North Korea will give up its arsenal now that it sees Trump poised to tear up the Iran nuclear d…,Sat Apr 28 00:17:03 +0000 2018,93
0.0,0.894,@nytimes,0.106,0.3818,“It’s clear that we’re going to have to remove carbon dioxide from the atmosphere. And we’re going to have to do it… https://t.co/EaSgEUkIWb,Sat Apr 28 00:02:01 +0000 2018,94
0.0,1.0,@nytimes,0.0,0.0,Follow our live updates from the second night of the NFL draft https://t.co/BXyQCQfQxw,Fri Apr 27 23:47:04 +0000 2018,95
0.451,0.549,@nytimes,0.0,-0.8126,The Golden State Killer investigation relied on a fake DNA profile https://t.co/tloTpJS34Y,Fri Apr 27 23:32:04 +0000 2018,96
0.0,1.0,@nytimes,0.0,0.0,"RT @PamelaPaulNYT: Whiz! Bam! Boom! The New York Times Book Review debuts Graphic Content, our new column on graphic novels and comics: htt…",Fri Apr 27 23:17:04 +0000 2018,97
0.138,0.788,@nytimes,0.074,-0.3182,An EPA proposal to dramatically weaken car-emission standards could set up a legal clash with California. Here are… https://t.co/btSxayZncO,Fri Apr 27 23:02:04 +0000 2018,98
0.0,1.0,@nytimes,0.0,0.0,Evening Briefing: Here's what you need to know at the end of the day https://t.co/hLZPorp8G9,Fri Apr 27 22:47:03 +0000 2018,99
0.132,0.868,@nytimes,0.0,-0.4404,"The $375,000 salary for the new CDC director has come under criticism from Senate Democrats and watchdog groups. He… https://t.co/qFY0OAr623",Fri Apr 27 22:32:06 +0000 2018,100
